{"textures":{"0":"modelengine:entity/ds_pumpkin_puppet_mini","particle":"#0"},"elements":[{"from":[5.0,-4.0,6.0],"to":[11.0,9.0,10.0],"faces":{"east":{"uv":[6.0,5.25,7.0,8.5],"tintindex":0,"rotation":0,"texture":"#0"},"south":{"uv":[2.5,3.25,4.0,6.5],"tintindex":0,"rotation":0,"texture":"#0"},"north":{"uv":[2.5,0.0,4.0,3.25],"tintindex":0,"rotation":0,"texture":"#0"},"west":{"uv":[2.0,6.5,3.0,9.75],"tintindex":0,"rotation":0,"texture":"#0"},"up":{"uv":[10.25,8.75,8.75,7.75],"tintindex":0,"rotation":0,"texture":"#0"},"down":{"uv":[9.75,8.75,8.25,9.75],"tintindex":0,"rotation":0,"texture":"#0"}}},{"from":[5.5,3.0,6.5],"to":[10.5,9.0,9.5],"faces":{"east":{"uv":[9.5,0.0,10.25,1.5],"tintindex":0,"rotation":0,"texture":"#0"},"south":{"uv":[7.0,8.75,8.25,10.25],"tintindex":0,"rotation":0,"texture":"#0"},"north":{"uv":[4.75,7.0,6.0,8.5],"tintindex":0,"rotation":0,"texture":"#0"},"west":{"uv":[9.5,1.5,10.25,3.0],"tintindex":0,"rotation":0,"texture":"#0"},"up":{"uv":[4.25,10.5,3.0,9.75],"tintindex":0,"rotation":0,"texture":"#0"},"down":{"uv":[5.5,9.75,4.25,10.5],"tintindex":0,"rotation":0,"texture":"#0"}}}],"display":{"head":{"rotation":[0.0,0.0,0.0]},"firstperson_righthand":{"rotation":[0.0,0.0,0.0]},"thirdperson_lefthand":{"rotation":[0.0,-0.0,-0.0]},"firstperson_lefthand":{"rotation":[0.0,-0.0,-0.0]},"fixed":{"rotation":[0.0,0.0,0.0]},"ground":{"rotation":[0.0,0.0,0.0]},"thirdperson_righthand":{"rotation":[0.0,0.0,0.0]},"gui":{"rotation":[-150.0,-45.0,180.0]}}}