{"textures":{"0":"modelengine:entity/ds_pumpkin_puppet_mini","particle":"#0"},"elements":[{"from":[5.0,12.676666,4.833333],"to":[11.0,19.676666,10.833333],"faces":{"east":{"uv":[8.0,1.75,9.5,3.5],"tintindex":0,"rotation":0,"texture":"#0"},"south":{"uv":[8.0,3.5,9.5,5.25],"tintindex":0,"rotation":0,"texture":"#0"},"north":{"uv":[8.0,0.0,9.5,1.75],"tintindex":0,"rotation":0,"texture":"#0"},"west":{"uv":[0.0,8.5,1.5,10.25],"tintindex":0,"rotation":0,"texture":"#0"},"up":{"uv":[7.0,10.0,5.5,8.5],"tintindex":0,"rotation":0,"texture":"#0"},"down":{"uv":[10.25,6.25,8.75,7.75],"tintindex":0,"rotation":0,"texture":"#0"}}},{"from":[3.0,12.666666,2.8333335],"to":[3.0,13.666666,12.833334],"faces":{"east":{"uv":[9.5,5.0,12.0,5.25],"tintindex":0,"rotation":0,"texture":"#0"},"west":{"uv":[8.25,9.75,10.75,10.0],"tintindex":0,"rotation":0,"texture":"#0"}}},{"from":[4.25,5.916666,4.583333],"to":[11.75,12.416666,11.083333],"faces":{"east":{"uv":[7.0,5.25,8.75,7.0],"tintindex":0,"rotation":0,"texture":"#0"},"south":{"uv":[6.0,0.0,8.0,1.75],"tintindex":0,"rotation":0,"texture":"#0"},"north":{"uv":[4.0,5.25,6.0,7.0],"tintindex":0,"rotation":0,"texture":"#0"},"west":{"uv":[7.0,7.0,8.75,8.75],"tintindex":0,"rotation":0,"texture":"#0"},"up":{"uv":[8.0,3.5,6.0,1.75],"tintindex":0,"rotation":0,"texture":"#0"},"down":{"uv":[8.0,3.5,6.0,5.25],"tintindex":0,"rotation":0,"texture":"#0"}}},{"from":[3.0,12.666666,12.833334],"to":[13.0,13.666666,12.833334],"faces":{"south":{"uv":[9.75,9.0,12.25,9.25],"tintindex":0,"rotation":0,"texture":"#0"},"north":{"uv":[9.75,8.75,12.25,9.0],"tintindex":0,"rotation":0,"texture":"#0"}}},{"from":[3.0,12.666666,2.8333335],"to":[13.0,13.666666,2.8333335],"faces":{"south":{"uv":[10.0,3.25,12.5,3.5],"tintindex":0,"rotation":0,"texture":"#0"},"north":{"uv":[10.0,3.0,12.5,3.25],"tintindex":0,"rotation":0,"texture":"#0"}}},{"from":[3.0,5.666666,4.083333],"to":[13.0,9.666666,4.083333],"faces":{"south":{"uv":[8.75,5.25,11.25,6.25],"tintindex":0,"rotation":0,"texture":"#0"},"north":{"uv":[3.0,8.75,5.5,9.75],"tintindex":0,"rotation":0,"texture":"#0"}}},{"from":[3.0,12.676666,2.8333335],"to":[13.0,12.676666,12.833334],"faces":{"up":{"uv":[2.5,2.5,0.0,0.0],"tintindex":0,"rotation":0,"texture":"#0"},"down":{"uv":[2.5,2.5,0.0,5.0],"tintindex":0,"rotation":0,"texture":"#0"}}},{"from":[13.0,12.666666,2.8333335],"to":[13.0,13.666666,12.833334],"faces":{"east":{"uv":[9.75,9.25,12.25,9.5],"tintindex":0,"rotation":0,"texture":"#0"},"west":{"uv":[9.75,9.5,12.25,9.75],"tintindex":0,"rotation":0,"texture":"#0"}}},{"from":[4.0,5.666666,4.333333],"to":[12.0,12.666666,11.333333],"faces":{"east":{"uv":[0.0,6.75,1.75,8.5],"tintindex":0,"rotation":0,"texture":"#0"},"south":{"uv":[4.0,1.75,6.0,3.5],"tintindex":0,"rotation":0,"texture":"#0"},"north":{"uv":[4.0,0.0,6.0,1.75],"tintindex":0,"rotation":0,"texture":"#0"},"west":{"uv":[3.0,7.0,4.75,8.75],"tintindex":0,"rotation":0,"texture":"#0"},"up":{"uv":[6.0,5.25,4.0,3.5],"tintindex":0,"rotation":0,"texture":"#0"},"down":{"uv":[2.0,5.0,0.0,6.75],"tintindex":0,"rotation":0,"texture":"#0"}}}],"display":{"head":{"rotation":[0.0,0.0,0.0]},"firstperson_righthand":{"rotation":[0.0,0.0,0.0]},"thirdperson_lefthand":{"rotation":[0.0,-0.0,-0.0]},"firstperson_lefthand":{"rotation":[0.0,-0.0,-0.0]},"fixed":{"rotation":[0.0,0.0,0.0]},"ground":{"rotation":[0.0,0.0,0.0]},"thirdperson_righthand":{"rotation":[0.0,0.0,0.0]},"gui":{"rotation":[-150.0,-45.0,180.0]}}}