{"textures":{"0":"modelengine:entity/ds_pumpkin_puppet_mini","particle":"#0"},"elements":[{"from":[6.5,0.0,7.5],"to":[7.5,7.0,8.5],"faces":{"east":{"uv":[8.75,10.0,9.0,11.75],"tintindex":0,"rotation":0,"texture":"#0"},"south":{"uv":[9.0,10.0,9.25,11.75],"tintindex":0,"rotation":0,"texture":"#0"},"north":{"uv":[8.5,10.0,8.75,11.75],"tintindex":0,"rotation":0,"texture":"#0"},"west":{"uv":[9.25,10.0,9.5,11.75],"tintindex":0,"rotation":0,"texture":"#0"},"up":{"uv":[5.0,8.75,4.75,8.5],"tintindex":0,"rotation":0,"texture":"#0"},"down":{"uv":[5.25,8.5,5.0,8.75],"tintindex":0,"rotation":0,"texture":"#0"}}},{"from":[6.0,0.0,7.0],"to":[8.0,8.0,9.0],"faces":{"east":{"uv":[9.5,3.0,10.0,5.0],"tintindex":0,"rotation":0,"texture":"#0"},"south":{"uv":[2.0,9.75,2.5,11.75],"tintindex":0,"rotation":0,"texture":"#0"},"north":{"uv":[1.5,8.5,2.0,10.5],"tintindex":0,"rotation":0,"texture":"#0"},"west":{"uv":[2.5,9.75,3.0,11.75],"tintindex":0,"rotation":0,"texture":"#0"},"up":{"uv":[3.5,7.0,3.0,6.5],"tintindex":0,"rotation":0,"texture":"#0"},"down":{"uv":[4.0,6.5,3.5,7.0],"tintindex":0,"rotation":0,"texture":"#0"}}}],"display":{"head":{"rotation":[0.0,0.0,0.0]},"firstperson_righthand":{"rotation":[0.0,0.0,0.0]},"thirdperson_lefthand":{"rotation":[0.0,-0.0,-0.0]},"firstperson_lefthand":{"rotation":[0.0,-0.0,-0.0]},"fixed":{"rotation":[0.0,0.0,0.0]},"ground":{"rotation":[0.0,0.0,0.0]},"thirdperson_righthand":{"rotation":[0.0,0.0,0.0]},"gui":{"rotation":[-150.0,-45.0,180.0]}}}