{"textures":{"0":"modelengine:entity/ds_pumpkin_puppet_mini","particle":"#0"},"elements":[{"from":[8.5,0.0,7.5],"to":[9.5,7.0,8.5],"faces":{"east":{"uv":[6.5,10.0,6.75,11.75],"tintindex":0,"rotation":0,"texture":"#0"},"south":{"uv":[6.75,10.0,7.0,11.75],"tintindex":0,"rotation":0,"texture":"#0"},"north":{"uv":[1.75,6.75,2.0,8.5],"tintindex":0,"rotation":0,"texture":"#0"},"west":{"uv":[8.25,10.0,8.5,11.75],"tintindex":0,"rotation":0,"texture":"#0"},"up":{"uv":[2.25,6.5,2.0,6.25],"tintindex":0,"rotation":0,"texture":"#0"},"down":{"uv":[2.5,6.25,2.25,6.5],"tintindex":0,"rotation":0,"texture":"#0"}}},{"from":[8.0,3.0,7.0],"to":[10.0,8.0,9.0],"faces":{"east":{"uv":[10.0,3.5,10.5,4.75],"tintindex":0,"rotation":0,"texture":"#0"},"south":{"uv":[5.5,10.0,6.0,11.25],"tintindex":0,"rotation":0,"texture":"#0"},"north":{"uv":[2.0,5.0,2.5,6.25],"tintindex":0,"rotation":0,"texture":"#0"},"west":{"uv":[6.0,10.0,6.5,11.25],"tintindex":0,"rotation":0,"texture":"#0"},"up":{"uv":[10.0,10.5,9.5,10.0],"tintindex":0,"rotation":0,"texture":"#0"},"down":{"uv":[10.5,10.0,10.0,10.5],"tintindex":0,"rotation":0,"texture":"#0"}}}],"display":{"head":{"rotation":[0.0,0.0,0.0]},"firstperson_righthand":{"rotation":[0.0,0.0,0.0]},"thirdperson_lefthand":{"rotation":[0.0,-0.0,-0.0]},"firstperson_lefthand":{"rotation":[0.0,-0.0,-0.0]},"fixed":{"rotation":[0.0,0.0,0.0]},"ground":{"rotation":[0.0,0.0,0.0]},"thirdperson_righthand":{"rotation":[0.0,0.0,0.0]},"gui":{"rotation":[-150.0,-45.0,180.0]}}}