{"textures":{"0":"modelengine:entity/zc_crusher","particle":"#0"},"elements":[{"from":[9.785,11.870001,4.0],"to":[10.785,12.870001,4.0],"faces":{"south":{"uv":[5.125,1.75,5.25,1.875],"tintindex":0,"rotation":0,"texture":"#0"},"north":{"uv":[5.125,1.625,5.25,1.75],"tintindex":0,"rotation":0,"texture":"#0"}}},{"from":[10.785,5.870001,1.0],"to":[12.785,7.870001,3.0],"faces":{"east":{"uv":[6.0,8.25,6.25,8.5],"tintindex":0,"rotation":0,"texture":"#0"},"south":{"uv":[8.25,6.125,8.5,6.375],"tintindex":0,"rotation":0,"texture":"#0"},"north":{"uv":[5.75,8.25,6.0,8.5],"tintindex":0,"rotation":0,"texture":"#0"},"west":{"uv":[6.25,8.25,6.5,8.5],"tintindex":0,"rotation":0,"texture":"#0"},"up":{"uv":[8.5,6.625,8.25,6.375],"tintindex":0,"rotation":0,"texture":"#0"},"down":{"uv":[7.625,8.25,7.375,8.5],"tintindex":0,"rotation":0,"texture":"#0"}}},{"from":[3.7849998,3.8700008,-1.0],"to":[11.785,11.870001,8.0],"faces":{"east":{"uv":[4.0,0.0,5.125,1.0],"tintindex":0,"rotation":0,"texture":"#0"},"south":{"uv":[2.125,5.25,3.125,6.25],"tintindex":0,"rotation":0,"texture":"#0"},"north":{"uv":[5.25,1.625,6.25,2.625],"tintindex":0,"rotation":0,"texture":"#0"},"west":{"uv":[4.0,1.0,5.125,2.0],"tintindex":0,"rotation":0,"texture":"#0"},"up":{"uv":[5.25,3.125,4.25,2.0],"tintindex":0,"rotation":0,"texture":"#0"},"down":{"uv":[5.25,3.125,4.25,4.25],"tintindex":0,"rotation":0,"texture":"#0"}}}],"display":{"head":{"rotation":[0.0,0.0,0.0]},"firstperson_righthand":{"rotation":[0.0,0.0,0.0]},"thirdperson_lefthand":{"rotation":[0.0,-0.0,-0.0]},"firstperson_lefthand":{"rotation":[0.0,-0.0,-0.0]},"fixed":{"rotation":[0.0,0.0,0.0]},"ground":{"rotation":[0.0,0.0,0.0]},"thirdperson_righthand":{"rotation":[0.0,0.0,0.0]},"gui":{"rotation":[-150.0,-45.0,180.0]}}}