{"textures":{"0":"modelengine:entity/zc_crusher","particle":"#0"},"elements":[{"from":[6.535,-0.87999916,6.5],"to":[9.535,8.120001,9.5],"faces":{"east":{"uv":[1.0,7.25,1.375,8.375],"tintindex":0,"rotation":0,"texture":"#0"},"south":{"uv":[4.0,7.375,4.375,8.5],"tintindex":0,"rotation":0,"texture":"#0"},"north":{"uv":[3.875,5.25,4.25,6.375],"tintindex":0,"rotation":0,"texture":"#0"},"west":{"uv":[4.375,7.375,4.75,8.5],"tintindex":0,"rotation":0,"texture":"#0"},"up":{"uv":[8.5,5.75,8.125,5.375],"tintindex":0,"rotation":0,"texture":"#0"},"down":{"uv":[8.5,5.75,8.125,6.125],"tintindex":0,"rotation":0,"texture":"#0"}}}],"display":{"head":{"rotation":[0.0,0.0,0.0]},"firstperson_righthand":{"rotation":[0.0,0.0,0.0]},"thirdperson_lefthand":{"rotation":[0.0,-0.0,-0.0]},"firstperson_lefthand":{"rotation":[0.0,-0.0,-0.0]},"fixed":{"rotation":[0.0,0.0,0.0]},"ground":{"rotation":[0.0,0.0,0.0]},"thirdperson_righthand":{"rotation":[0.0,0.0,0.0]},"gui":{"rotation":[-150.0,-45.0,180.0]}}}