{"textures":{"0":"modelengine:entity/zc_crusher","particle":"#0"},"elements":[{"from":[4.035,-0.87999916,6.0],"to":[8.035,8.120001,10.0],"faces":{"east":{"uv":[6.0,6.75,6.5,7.875],"tintindex":0,"rotation":0,"texture":"#0"},"south":{"uv":[6.5,6.75,7.0,7.875],"tintindex":0,"rotation":0,"texture":"#0"},"north":{"uv":[5.5,6.75,6.0,7.875],"tintindex":0,"rotation":0,"texture":"#0"},"west":{"uv":[6.875,0.75,7.375,1.875],"tintindex":0,"rotation":0,"texture":"#0"},"up":{"uv":[8.25,6.625,7.75,6.125],"tintindex":0,"rotation":0,"texture":"#0"},"down":{"uv":[7.875,7.75,7.375,8.25],"tintindex":0,"rotation":0,"texture":"#0"}}}],"display":{"head":{"rotation":[0.0,0.0,0.0]},"firstperson_righthand":{"rotation":[0.0,0.0,0.0]},"thirdperson_lefthand":{"rotation":[0.0,-0.0,-0.0]},"firstperson_lefthand":{"rotation":[0.0,-0.0,-0.0]},"fixed":{"rotation":[0.0,0.0,0.0]},"ground":{"rotation":[0.0,0.0,0.0]},"thirdperson_righthand":{"rotation":[0.0,0.0,0.0]},"gui":{"rotation":[-150.0,-45.0,180.0]}}}