{"textures":{"0":"modelengine:entity/zc_crusher","particle":"#0"},"elements":[{"from":[5.5550003,5.62,2.9899998],"to":[10.595,8.139999,10.55],"faces":{"east":{"uv":[7.5,3.0,8.5,3.375],"tintindex":0,"rotation":0,"texture":"#0"},"south":{"uv":[7.875,6.625,8.5,7.0],"tintindex":0,"rotation":0,"texture":"#0"},"north":{"uv":[6.0,7.875,6.625,8.25],"tintindex":0,"rotation":0,"texture":"#0"},"west":{"uv":[7.625,2.0,8.625,2.375],"tintindex":0,"rotation":0,"texture":"#0"},"up":{"uv":[4.0,7.5,3.375,6.5],"tintindex":0,"rotation":0,"texture":"#0"},"down":{"uv":[7.125,3.5,6.5,4.5],"tintindex":0,"rotation":0,"texture":"#0"}}}],"display":{"head":{"rotation":[0.0,0.0,0.0]},"firstperson_righthand":{"rotation":[0.0,0.0,0.0]},"thirdperson_lefthand":{"rotation":[0.0,-0.0,-0.0]},"firstperson_lefthand":{"rotation":[0.0,-0.0,-0.0]},"fixed":{"rotation":[0.0,0.0,0.0]},"ground":{"rotation":[0.0,0.0,0.0]},"thirdperson_righthand":{"rotation":[0.0,0.0,0.0]},"gui":{"rotation":[-150.0,-45.0,180.0]}}}