{"textures":{"0":"modelengine:entity/zc_crusher","particle":"#0"},"elements":[{"from":[5.035,1.8700008,4.5],"to":[11.035,8.870001,10.5],"faces":{"east":{"uv":[5.5,5.875,6.25,6.75],"tintindex":0,"rotation":0,"texture":"#0"},"south":{"uv":[6.0,2.625,6.75,3.5],"tintindex":0,"rotation":0,"texture":"#0"},"north":{"uv":[5.75,3.875,6.5,4.75],"tintindex":0,"rotation":0,"texture":"#0"},"west":{"uv":[0.0,6.25,0.75,7.125],"tintindex":0,"rotation":0,"texture":"#0"},"up":{"uv":[4.75,7.375,4.0,6.625],"tintindex":0,"rotation":0,"texture":"#0"},"down":{"uv":[5.5,6.625,4.75,7.375],"tintindex":0,"rotation":0,"texture":"#0"}}},{"from":[5.535,-0.9475765,5.249117],"to":[10.535,7.0524235,9.249117],"faces":{"east":{"uv":[0.5,7.25,1.0,8.25],"tintindex":0,"rotation":0,"texture":"#0"},"south":{"uv":[2.75,6.5,3.375,7.5],"tintindex":0,"rotation":0,"texture":"#0"},"north":{"uv":[6.25,5.75,6.875,6.75],"tintindex":0,"rotation":0,"texture":"#0"},"west":{"uv":[2.125,7.25,2.625,8.25],"tintindex":0,"rotation":0,"texture":"#0"},"up":{"uv":[8.375,4.875,7.75,4.375],"tintindex":0,"rotation":0,"texture":"#0"},"down":{"uv":[8.375,4.875,7.75,5.375],"tintindex":0,"rotation":0,"texture":"#0"}},"rotation":{"origin":[11.75,5.500001,2.0],"angle":22.5,"axis":"x"}}],"display":{"head":{"rotation":[0.0,0.0,0.0]},"firstperson_righthand":{"rotation":[0.0,0.0,0.0]},"thirdperson_lefthand":{"rotation":[0.0,-0.0,-0.0]},"firstperson_lefthand":{"rotation":[0.0,-0.0,-0.0]},"fixed":{"rotation":[0.0,0.0,0.0]},"ground":{"rotation":[0.0,0.0,0.0]},"thirdperson_righthand":{"rotation":[0.0,0.0,0.0]},"gui":{"rotation":[-150.0,-45.0,180.0]}}}