{"textures":{"0":"modelengine:entity/zc_crusher","particle":"#0"},"elements":[{"from":[6.035,0.19485378,3.1851969],"to":[10.035,8.194854,6.185197],"faces":{"east":{"uv":[7.5,6.75,7.875,7.75],"tintindex":0,"rotation":0,"texture":"#0"},"south":{"uv":[7.375,1.0,7.875,2.0],"tintindex":0,"rotation":0,"texture":"#0"},"north":{"uv":[7.375,0.0,7.875,1.0],"tintindex":0,"rotation":0,"texture":"#0"},"west":{"uv":[1.375,7.625,1.75,8.625],"tintindex":0,"rotation":0,"texture":"#0"},"up":{"uv":[8.375,7.375,7.875,7.0],"tintindex":0,"rotation":0,"texture":"#0"},"down":{"uv":[8.375,7.375,7.875,7.75],"tintindex":0,"rotation":0,"texture":"#0"}},"rotation":{"origin":[11.75,15.0,5.25],"angle":-22.5,"axis":"x"}}],"display":{"head":{"rotation":[0.0,0.0,0.0]},"firstperson_righthand":{"rotation":[0.0,0.0,0.0]},"thirdperson_lefthand":{"rotation":[0.0,-0.0,-0.0]},"firstperson_lefthand":{"rotation":[0.0,-0.0,-0.0]},"fixed":{"rotation":[0.0,0.0,0.0]},"ground":{"rotation":[0.0,0.0,0.0]},"thirdperson_righthand":{"rotation":[0.0,0.0,0.0]},"gui":{"rotation":[-150.0,-45.0,180.0]}}}