{"textures":{"0":"modelengine:entity/zc_crusher","particle":"#0"},"elements":[{"from":[1.7849998,5.3596096,4.634252],"to":[13.785,15.359611,10.634253],"faces":{"east":{"uv":[5.25,2.625,6.0,3.875],"tintindex":0,"rotation":0,"texture":"#0"},"south":{"uv":[0.0,2.5,1.5,3.75],"tintindex":0,"rotation":0,"texture":"#0"},"north":{"uv":[2.0,2.0,3.5,3.25],"tintindex":0,"rotation":0,"texture":"#0"},"west":{"uv":[3.125,5.25,3.875,6.5],"tintindex":0,"rotation":0,"texture":"#0"},"up":{"uv":[5.75,5.0,4.25,4.25],"tintindex":0,"rotation":0,"texture":"#0"},"down":{"uv":[3.0,4.5,1.5,5.25],"tintindex":0,"rotation":0,"texture":"#0"}},"rotation":{"origin":[8.0,8.0,1.0],"angle":-22.5,"axis":"x"}}],"display":{"head":{"rotation":[0.0,0.0,0.0]},"firstperson_righthand":{"rotation":[0.0,0.0,0.0]},"thirdperson_lefthand":{"rotation":[0.0,-0.0,-0.0]},"firstperson_lefthand":{"rotation":[0.0,-0.0,-0.0]},"fixed":{"rotation":[0.0,0.0,0.0]},"ground":{"rotation":[0.0,0.0,0.0]},"thirdperson_righthand":{"rotation":[0.0,0.0,0.0]},"gui":{"rotation":[-150.0,-45.0,180.0]}}}