{"textures":{"0":"modelengine:entity/zc_crusher","particle":"#0"},"elements":[{"from":[9.735,-4.0999994,2.5],"to":[9.735,1.8999996,5.5],"faces":{"east":{"uv":[7.75,5.375,8.125,6.125],"tintindex":0,"rotation":0,"texture":"#0"},"west":{"uv":[7.0,7.75,7.375,8.5],"tintindex":0,"rotation":0,"texture":"#0"}}},{"from":[12.735,-5.4399996,8.5],"to":[14.735,-0.43999863,8.5],"faces":{"south":{"uv":[8.125,1.375,8.375,2.0],"tintindex":0,"rotation":0,"texture":"#0"},"north":{"uv":[5.0,8.0,5.25,8.625],"tintindex":0,"rotation":0,"texture":"#0"}}},{"from":[7.6949997,-5.4399996,5.5],"to":[12.735,7.9000015,10.54],"faces":{"east":{"uv":[4.875,5.0,5.5,6.625],"tintindex":0,"rotation":0,"texture":"#0"},"south":{"uv":[5.125,0.0,5.75,1.625],"tintindex":0,"rotation":0,"texture":"#0"},"north":{"uv":[4.25,5.0,4.875,6.625],"tintindex":0,"rotation":0,"texture":"#0"},"west":{"uv":[1.5,5.25,2.125,6.875],"tintindex":0,"rotation":0,"texture":"#0"},"up":{"uv":[7.625,2.625,7.0,2.0],"tintindex":0,"rotation":0,"texture":"#0"},"down":{"uv":[5.375,7.375,4.75,8.0],"tintindex":0,"rotation":0,"texture":"#0"}}}],"display":{"head":{"rotation":[0.0,0.0,0.0]},"firstperson_righthand":{"rotation":[0.0,0.0,0.0]},"thirdperson_lefthand":{"rotation":[0.0,-0.0,-0.0]},"firstperson_lefthand":{"rotation":[0.0,-0.0,-0.0]},"fixed":{"rotation":[0.0,0.0,0.0]},"ground":{"rotation":[0.0,0.0,0.0]},"thirdperson_righthand":{"rotation":[0.0,0.0,0.0]},"gui":{"rotation":[-150.0,-45.0,180.0]}}}