{"textures":{"0":"modelengine:entity/zc_crusher","particle":"#0"},"elements":[{"from":[9.985,-0.029999733,4.5],"to":[11.985,5.9700003,7.5],"faces":{"east":{"uv":[5.75,0.875,6.125,1.625],"tintindex":0,"rotation":0,"texture":"#0"},"south":{"uv":[4.75,8.0,5.0,8.75],"tintindex":0,"rotation":0,"texture":"#0"},"north":{"uv":[7.875,7.75,8.125,8.5],"tintindex":0,"rotation":0,"texture":"#0"},"west":{"uv":[1.75,7.625,2.125,8.375],"tintindex":0,"rotation":0,"texture":"#0"},"up":{"uv":[8.375,8.375,8.125,8.0],"tintindex":0,"rotation":0,"texture":"#0"},"down":{"uv":[0.75,8.25,0.5,8.625],"tintindex":0,"rotation":0,"texture":"#0"}}},{"from":[2.9450002,0.059999943,7.5],"to":[4.945,7.0599995,7.5],"faces":{"south":{"uv":[6.625,7.875,6.875,8.75],"tintindex":0,"rotation":0,"texture":"#0"},"north":{"uv":[3.625,7.875,3.875,8.75],"tintindex":0,"rotation":0,"texture":"#0"}}},{"from":[4.9449997,-5.2799997,5.5],"to":[10.985,8.059999,11.54],"faces":{"east":{"uv":[3.5,3.625,4.25,5.25],"tintindex":0,"rotation":0,"texture":"#0"},"south":{"uv":[0.0,3.75,0.75,5.375],"tintindex":0,"rotation":0,"texture":"#0"},"north":{"uv":[3.5,2.0,4.25,3.625],"tintindex":0,"rotation":0,"texture":"#0"},"west":{"uv":[0.75,3.75,1.5,5.375],"tintindex":0,"rotation":0,"texture":"#0"},"up":{"uv":[7.5,3.375,6.75,2.625],"tintindex":0,"rotation":0,"texture":"#0"},"down":{"uv":[2.125,6.875,1.375,7.625],"tintindex":0,"rotation":0,"texture":"#0"}}},{"from":[9.985,-1.2799997,11.54],"to":[9.985,6.7200003,13.54],"faces":{"east":{"uv":[7.875,0.0,8.125,1.0],"tintindex":0,"rotation":0,"texture":"#0"},"west":{"uv":[7.875,1.0,8.125,2.0],"tintindex":0,"rotation":0,"texture":"#0"}}},{"from":[5.9449997,-2.2799997,3.5],"to":[9.945,-2.2799997,6.5],"faces":{"up":{"uv":[8.625,0.75,8.125,0.375],"tintindex":0,"rotation":0,"texture":"#0"},"down":{"uv":[8.625,0.75,8.125,1.125],"tintindex":0,"rotation":0,"texture":"#0"}}},{"from":[5.9849997,8.939386,9.417973],"to":[9.985,14.939387,9.417973],"faces":{"south":{"uv":[3.0,4.5,3.5,5.25],"tintindex":0,"rotation":0,"texture":"#0"},"north":{"uv":[1.5,2.5,2.0,3.25],"tintindex":0,"rotation":0,"texture":"#0"}},"rotation":{"origin":[8.985,5.9393864,9.417973],"angle":45.0,"axis":"x"}}],"display":{"head":{"rotation":[0.0,0.0,0.0]},"firstperson_righthand":{"rotation":[0.0,0.0,0.0]},"thirdperson_lefthand":{"rotation":[0.0,-0.0,-0.0]},"firstperson_lefthand":{"rotation":[0.0,-0.0,-0.0]},"fixed":{"rotation":[0.0,0.0,0.0]},"ground":{"rotation":[0.0,0.0,0.0]},"thirdperson_righthand":{"rotation":[0.0,0.0,0.0]},"gui":{"rotation":[-150.0,-45.0,180.0]}}}