{"textures":{"0":"modelengine:entity/zc_crusher","particle":"#0"},"elements":[{"from":[5.5550003,5.37,2.2399998],"to":[10.595,7.89,9.8],"faces":{"east":{"uv":[7.5,2.625,8.5,3.0],"tintindex":0,"rotation":0,"texture":"#0"},"south":{"uv":[5.375,7.875,6.0,8.25],"tintindex":0,"rotation":0,"texture":"#0"},"north":{"uv":[3.0,7.875,3.625,8.25],"tintindex":0,"rotation":0,"texture":"#0"},"west":{"uv":[3.0,7.5,4.0,7.875],"tintindex":0,"rotation":0,"texture":"#0"},"up":{"uv":[2.75,7.25,2.125,6.25],"tintindex":0,"rotation":0,"texture":"#0"},"down":{"uv":[6.875,4.75,6.25,5.75],"tintindex":0,"rotation":0,"texture":"#0"}}}],"display":{"head":{"rotation":[0.0,0.0,0.0]},"firstperson_righthand":{"rotation":[0.0,0.0,0.0]},"thirdperson_lefthand":{"rotation":[0.0,-0.0,-0.0]},"firstperson_lefthand":{"rotation":[0.0,-0.0,-0.0]},"fixed":{"rotation":[0.0,0.0,0.0]},"ground":{"rotation":[0.0,0.0,0.0]},"thirdperson_righthand":{"rotation":[0.0,0.0,0.0]},"gui":{"rotation":[-150.0,-45.0,180.0]}}}