{"textures":{"0":"modelengine:entity/zc_crusher","particle":"#0"},"elements":[{"from":[5.785,1.1948538,3.1851969],"to":[9.785,9.194854,6.185197],"faces":{"east":{"uv":[7.375,5.75,7.75,6.75],"tintindex":0,"rotation":0,"texture":"#0"},"south":{"uv":[7.125,3.375,7.625,4.375],"tintindex":0,"rotation":0,"texture":"#0"},"north":{"uv":[0.0,7.125,0.5,8.125],"tintindex":0,"rotation":0,"texture":"#0"},"west":{"uv":[2.625,7.5,3.0,8.5],"tintindex":0,"rotation":0,"texture":"#0"},"up":{"uv":[5.75,4.25,5.25,3.875],"tintindex":0,"rotation":0,"texture":"#0"},"down":{"uv":[6.5,3.5,6.0,3.875],"tintindex":0,"rotation":0,"texture":"#0"}},"rotation":{"origin":[4.5,16.0,5.25],"angle":-22.5,"axis":"x"}}],"display":{"head":{"rotation":[0.0,0.0,0.0]},"firstperson_righthand":{"rotation":[0.0,0.0,0.0]},"thirdperson_lefthand":{"rotation":[0.0,-0.0,-0.0]},"firstperson_lefthand":{"rotation":[0.0,-0.0,-0.0]},"fixed":{"rotation":[0.0,0.0,0.0]},"ground":{"rotation":[0.0,0.0,0.0]},"thirdperson_righthand":{"rotation":[0.0,0.0,0.0]},"gui":{"rotation":[-150.0,-45.0,180.0]}}}