{"textures":{"0":"modelengine:entity/zc_crusher","particle":"#0"},"elements":[{"from":[5.035,1.8700008,4.5],"to":[11.035,8.870001,10.5],"faces":{"east":{"uv":[0.75,5.375,1.5,6.25],"tintindex":0,"rotation":0,"texture":"#0"},"south":{"uv":[5.5,5.0,6.25,5.875],"tintindex":0,"rotation":0,"texture":"#0"},"north":{"uv":[0.0,5.375,0.75,6.25],"tintindex":0,"rotation":0,"texture":"#0"},"west":{"uv":[5.75,0.0,6.5,0.875],"tintindex":0,"rotation":0,"texture":"#0"},"up":{"uv":[7.0,2.625,6.25,1.875],"tintindex":0,"rotation":0,"texture":"#0"},"down":{"uv":[7.25,0.0,6.5,0.75],"tintindex":0,"rotation":0,"texture":"#0"}}},{"from":[5.535,-0.9475765,5.249117],"to":[10.535,7.0524235,9.249117],"faces":{"east":{"uv":[6.875,5.75,7.375,6.75],"tintindex":0,"rotation":0,"texture":"#0"},"south":{"uv":[6.25,0.875,6.875,1.875],"tintindex":0,"rotation":0,"texture":"#0"},"north":{"uv":[0.75,6.25,1.375,7.25],"tintindex":0,"rotation":0,"texture":"#0"},"west":{"uv":[7.0,6.75,7.5,7.75],"tintindex":0,"rotation":0,"texture":"#0"},"up":{"uv":[8.25,3.875,7.625,3.375],"tintindex":0,"rotation":0,"texture":"#0"},"down":{"uv":[8.25,3.875,7.625,4.375],"tintindex":0,"rotation":0,"texture":"#0"}},"rotation":{"origin":[4.75,5.500001,2.0],"angle":22.5,"axis":"x"}}],"display":{"head":{"rotation":[0.0,0.0,0.0]},"firstperson_righthand":{"rotation":[0.0,0.0,0.0]},"thirdperson_lefthand":{"rotation":[0.0,-0.0,-0.0]},"firstperson_lefthand":{"rotation":[0.0,-0.0,-0.0]},"fixed":{"rotation":[0.0,0.0,0.0]},"ground":{"rotation":[0.0,0.0,0.0]},"thirdperson_righthand":{"rotation":[0.0,0.0,0.0]},"gui":{"rotation":[-150.0,-45.0,180.0]}}}