{"textures":{"0":"modelengine:entity/zc_crusher","particle":"#0"},"elements":[{"from":[11.785,11.47571,0.08058262],"to":[13.785,13.47571,2.0805826],"faces":{"east":{"uv":[2.375,8.25,2.625,8.5],"tintindex":0,"rotation":0,"texture":"#0"},"south":{"uv":[3.375,8.25,3.625,8.5],"tintindex":0,"rotation":0,"texture":"#0"},"north":{"uv":[4.0,6.375,4.25,6.625],"tintindex":0,"rotation":0,"texture":"#0"},"west":{"uv":[8.25,3.625,8.5,3.875],"tintindex":0,"rotation":0,"texture":"#0"},"up":{"uv":[8.5,4.125,8.25,3.875],"tintindex":0,"rotation":0,"texture":"#0"},"down":{"uv":[8.5,4.125,8.25,4.375],"tintindex":0,"rotation":0,"texture":"#0"}},"rotation":{"origin":[11.785,10.47571,6.0805826],"angle":-45.0,"axis":"x"}},{"from":[11.785,11.647282,11.494796],"to":[14.785,13.647282,13.494796],"faces":{"east":{"uv":[5.25,8.25,5.5,8.5],"tintindex":0,"rotation":0,"texture":"#0"},"south":{"uv":[6.5,4.5,6.875,4.75],"tintindex":0,"rotation":0,"texture":"#0"},"north":{"uv":[2.75,6.25,3.125,6.5],"tintindex":0,"rotation":0,"texture":"#0"},"west":{"uv":[5.5,8.25,5.75,8.5],"tintindex":0,"rotation":0,"texture":"#0"},"up":{"uv":[3.375,8.5,3.0,8.25],"tintindex":0,"rotation":0,"texture":"#0"},"down":{"uv":[8.625,3.375,8.25,3.625],"tintindex":0,"rotation":0,"texture":"#0"}},"rotation":{"origin":[14.785,7.6472816,7.494796],"angle":-45.0,"axis":"x"}},{"from":[8.785,11.409096,2.3927422],"to":[15.785,16.409096,2.3927422],"faces":{"south":{"uv":[6.875,5.125,7.75,5.75],"tintindex":0,"rotation":0,"texture":"#0"},"north":{"uv":[6.875,4.5,7.75,5.125],"tintindex":0,"rotation":0,"texture":"#0"}},"rotation":{"origin":[14.785,3.4090958,8.892742],"angle":22.5,"axis":"x"}},{"from":[2.7849998,14.354389,2.2019029],"to":[8.785,14.354389,4.201903],"faces":{"up":{"uv":[8.375,2.625,7.625,2.375],"tintindex":0,"rotation":0,"texture":"#0"},"down":{"uv":[8.875,1.125,8.125,1.375],"tintindex":0,"rotation":0,"texture":"#0"}},"rotation":{"origin":[0.78499985,8.354389,8.201903],"angle":-45.0,"axis":"x"}},{"from":[8.785,11.768602,2.6161165],"to":[12.785,14.768602,4.6161165],"faces":{"east":{"uv":[0.75,8.25,1.0,8.625],"tintindex":0,"rotation":0,"texture":"#0"},"south":{"uv":[8.125,0.0,8.625,0.375],"tintindex":0,"rotation":0,"texture":"#0"},"north":{"uv":[0.0,8.125,0.5,8.5],"tintindex":0,"rotation":0,"texture":"#0"},"west":{"uv":[2.125,8.25,2.375,8.625],"tintindex":0,"rotation":0,"texture":"#0"},"up":{"uv":[6.25,5.0,5.75,4.75],"tintindex":0,"rotation":0,"texture":"#0"},"down":{"uv":[8.625,7.75,8.125,8.0],"tintindex":0,"rotation":0,"texture":"#0"}},"rotation":{"origin":[14.785,9.768602,9.616117],"angle":-45.0,"axis":"x"}},{"from":[-0.21500015,3.229145,8.171532],"to":[15.785,13.229145,16.171532],"faces":{"east":{"uv":[1.5,3.25,2.5,4.5],"tintindex":0,"rotation":0,"texture":"#0"},"south":{"uv":[0.0,1.25,2.0,2.5],"tintindex":0,"rotation":0,"texture":"#0"},"north":{"uv":[0.0,0.0,2.0,1.25],"tintindex":0,"rotation":0,"texture":"#0"},"west":{"uv":[2.5,3.25,3.5,4.5],"tintindex":0,"rotation":0,"texture":"#0"},"up":{"uv":[4.0,1.0,2.0,0.0],"tintindex":0,"rotation":0,"texture":"#0"},"down":{"uv":[4.0,1.0,2.0,2.0],"tintindex":0,"rotation":0,"texture":"#0"}},"rotation":{"origin":[8.0,1.000001,4.0],"angle":-45.0,"axis":"x"}}],"display":{"head":{"rotation":[0.0,0.0,0.0]},"firstperson_righthand":{"rotation":[0.0,0.0,0.0]},"thirdperson_lefthand":{"rotation":[0.0,-0.0,-0.0]},"firstperson_lefthand":{"rotation":[0.0,-0.0,-0.0]},"fixed":{"rotation":[0.0,0.0,0.0]},"ground":{"rotation":[0.0,0.0,0.0]},"thirdperson_righthand":{"rotation":[0.0,0.0,0.0]},"gui":{"rotation":[-150.0,-45.0,180.0]}}}