{"textures":{"0":"modelengine:entity/scarecrow2","particle":"#0"},"elements":[{"from":[3.5,6.5,3.0],"to":[12.5,20.0,10.5],"faces":{"east":{"uv":[1.25,4.96875,1.71875,5.8125],"tintindex":0,"rotation":0,"texture":"#0"},"south":{"uv":[0.46875,4.6875,1.03125,5.53125],"tintindex":0,"rotation":0,"texture":"#0"},"north":{"uv":[4.65625,0.84375,5.21875,1.6875],"tintindex":0,"rotation":0,"texture":"#0"},"west":{"uv":[0.0,5.09375,0.46875,5.9375],"tintindex":0,"rotation":0,"texture":"#0"},"up":{"uv":[6.8125,0.46875,6.25,0.0],"tintindex":0,"rotation":0,"texture":"#0"},"down":{"uv":[6.8125,0.46875,6.25,0.9375],"tintindex":0,"rotation":0,"texture":"#0"}}},{"from":[3.4499998,-7.0,3.0],"to":[12.55,6.5,13.0],"faces":{"east":{"uv":[3.6875,2.5,4.3125,3.34375],"tintindex":0,"rotation":0,"texture":"#0"},"south":{"uv":[4.78125,0.0,5.34375,0.84375],"tintindex":0,"rotation":0,"texture":"#0"},"north":{"uv":[4.6875,3.0,5.25,3.84375],"tintindex":0,"rotation":0,"texture":"#0"},"west":{"uv":[0.46875,3.84375,1.09375,4.6875],"tintindex":0,"rotation":0,"texture":"#0"},"up":{"uv":[2.28125,6.3125,1.71875,5.6875],"tintindex":0,"rotation":0,"texture":"#0"},"down":{"uv":[6.25,4.78125,5.6875,5.40625],"tintindex":0,"rotation":0,"texture":"#0"}},"rotation":{"origin":[8.0,6.5,3.0],"angle":-22.5,"axis":"x"}},{"from":[12.5,6.5,13.0],"to":[3.5,-7.0,3.0],"faces":{"east":{"uv":[4.0625,3.34375,4.6875,4.1875],"tintindex":0,"rotation":0,"texture":"#0"},"south":{"uv":[1.78125,4.84375,2.34375,5.6875],"tintindex":0,"rotation":0,"texture":"#0"},"north":{"uv":[4.5625,4.78125,5.125,5.625],"tintindex":0,"rotation":0,"texture":"#0"},"west":{"uv":[4.15625,0.0,4.78125,0.84375],"tintindex":0,"rotation":0,"texture":"#0"},"up":{"uv":[6.28125,6.03125,5.71875,5.40625],"tintindex":0,"rotation":0,"texture":"#0"},"down":{"uv":[6.375,2.21875,5.8125,2.84375],"tintindex":0,"rotation":0,"texture":"#0"}},"rotation":{"origin":[8.0,6.5,3.0],"angle":-22.5,"axis":"x"}}],"display":{"head":{"rotation":[0.0,0.0,0.0]},"firstperson_righthand":{"rotation":[0.0,0.0,0.0]},"thirdperson_lefthand":{"rotation":[0.0,-0.0,-0.0]},"firstperson_lefthand":{"rotation":[0.0,-0.0,-0.0]},"fixed":{"rotation":[0.0,0.0,0.0]},"ground":{"rotation":[0.0,0.0,0.0]},"thirdperson_righthand":{"rotation":[0.0,0.0,0.0]},"gui":{"rotation":[-150.0,-45.0,180.0]}}}