{"textures":{"0":"modelengine:entity/scarecrow2","particle":"#0"},"elements":[{"from":[2.5,15.5,-3.0],"to":[13.5,20.0,6.5],"faces":{"east":{"uv":[6.84375,5.84375,7.4375,6.125],"tintindex":0,"rotation":0,"texture":"#0"},"south":{"uv":[6.5625,2.65625,7.25,2.9375],"tintindex":0,"rotation":0,"texture":"#0"},"north":{"uv":[1.3125,2.6875,2.0,2.96875],"tintindex":0,"rotation":0,"texture":"#0"},"west":{"uv":[7.15625,0.5,7.75,0.78125],"tintindex":0,"rotation":0,"texture":"#0"},"up":{"uv":[5.65625,2.28125,4.96875,1.6875],"tintindex":0,"rotation":0,"texture":"#0"},"down":{"uv":[5.8125,2.28125,5.125,2.875],"tintindex":0,"rotation":0,"texture":"#0"}},"rotation":{"origin":[8.0,19.5,3.0],"angle":-22.5,"axis":"x"}},{"from":[6.0,17.5,0.5],"to":[10.0,22.5,4.5],"faces":{"east":{"uv":[4.4375,7.21875,4.6875,7.53125],"tintindex":0,"rotation":0,"texture":"#0"},"south":{"uv":[7.0,7.21875,7.25,7.53125],"tintindex":0,"rotation":0,"texture":"#0"},"north":{"uv":[2.28125,7.21875,2.53125,7.53125],"tintindex":0,"rotation":0,"texture":"#0"},"west":{"uv":[7.25,2.625,7.5,2.9375],"tintindex":0,"rotation":0,"texture":"#0"},"up":{"uv":[7.59375,2.4375,7.34375,2.1875],"tintindex":0,"rotation":0,"texture":"#0"},"down":{"uv":[7.625,6.1875,7.375,6.4375],"tintindex":0,"rotation":0,"texture":"#0"}},"rotation":{"origin":[8.0,19.5,3.0],"angle":-22.5,"axis":"x"}},{"from":[-3.0,17.5,-1.0],"to":[1.5,17.5,8.5],"faces":{"up":{"uv":[0.75,7.75,0.46875,7.15625],"tintindex":0,"rotation":0,"texture":"#0"},"down":{"uv":[6.0,7.15625,5.71875,7.75],"tintindex":0,"rotation":0,"texture":"#0"}},"rotation":{"origin":[1.5,17.5,3.75],"angle":-22.5,"axis":"z"}},{"from":[14.5,17.5,-1.0],"to":[19.0,17.5,8.5],"faces":{"up":{"uv":[6.28125,7.75,6.0,7.15625],"tintindex":0,"rotation":0,"texture":"#0"},"down":{"uv":[7.4375,6.625,7.15625,7.21875],"tintindex":0,"rotation":0,"texture":"#0"}},"rotation":{"origin":[14.5,17.5,3.75],"angle":22.5,"axis":"z"}},{"from":[1.5,8.0,-1.0],"to":[14.5,17.5,8.5],"faces":{"east":{"uv":[4.4375,5.625,5.03125,6.21875],"tintindex":0,"rotation":0,"texture":"#0"},"south":{"uv":[1.78125,4.25,2.59375,4.84375],"tintindex":0,"rotation":0,"texture":"#0"},"north":{"uv":[4.15625,1.8125,4.96875,2.40625],"tintindex":0,"rotation":0,"texture":"#0"},"west":{"uv":[5.65625,1.625,6.25,2.21875],"tintindex":0,"rotation":0,"texture":"#0"},"up":{"uv":[5.125,3.0,4.3125,2.40625],"tintindex":0,"rotation":0,"texture":"#0"},"down":{"uv":[5.375,4.1875,4.5625,4.78125],"tintindex":0,"rotation":0,"texture":"#0"}}}],"display":{"head":{"rotation":[0.0,0.0,0.0]},"firstperson_righthand":{"rotation":[0.0,0.0,0.0]},"thirdperson_lefthand":{"rotation":[0.0,-0.0,-0.0]},"firstperson_lefthand":{"rotation":[0.0,-0.0,-0.0]},"fixed":{"rotation":[0.0,0.0,0.0]},"ground":{"rotation":[0.0,0.0,0.0]},"thirdperson_righthand":{"rotation":[0.0,0.0,0.0]},"gui":{"rotation":[-150.0,-45.0,180.0]}}}