{"textures":{"0":"modelengine:entity/scarecrow2","particle":"#0"},"elements":[{"from":[-1.0,-15.0,8.0],"to":[17.0,8.0,8.0],"faces":{"south":{"uv":[3.875,5.15625,4.4375,5.875],"tintindex":0,"rotation":0,"texture":"#0"},"north":{"uv":[5.125,4.78125,5.6875,5.5],"tintindex":0,"rotation":0,"texture":"#0"}}}],"display":{"head":{"rotation":[0.0,0.0,0.0]},"firstperson_righthand":{"rotation":[0.0,0.0,0.0]},"thirdperson_lefthand":{"rotation":[0.0,-0.0,-0.0]},"firstperson_lefthand":{"rotation":[0.0,-0.0,-0.0]},"fixed":{"rotation":[0.0,0.0,0.0]},"ground":{"rotation":[0.0,0.0,0.0]},"thirdperson_righthand":{"rotation":[0.0,0.0,0.0]},"gui":{"rotation":[-150.0,-45.0,180.0]}}}