{"textures":{"0":"modelengine:entity/scarecrow2","particle":"#0"},"elements":[{"from":[-6.0,-15.0,8.0],"to":[22.0,8.0,8.0],"faces":{"south":{"uv":[2.8125,0.71875,3.6875,1.4375],"tintindex":0,"rotation":0,"texture":"#0"},"north":{"uv":[2.8125,0.0,3.6875,0.71875],"tintindex":0,"rotation":0,"texture":"#0"}}}],"display":{"head":{"rotation":[0.0,0.0,0.0]},"firstperson_righthand":{"rotation":[0.0,0.0,0.0]},"thirdperson_lefthand":{"rotation":[0.0,-0.0,-0.0]},"firstperson_lefthand":{"rotation":[0.0,-0.0,-0.0]},"fixed":{"rotation":[0.0,0.0,0.0]},"ground":{"rotation":[0.0,0.0,0.0]},"thirdperson_righthand":{"rotation":[0.0,0.0,0.0]},"gui":{"rotation":[-150.0,-45.0,180.0]}}}