{"textures":{"0":"modelengine:entity/scarecrow2","particle":"#0"},"elements":[{"from":[14.0,8.60215,18.674942],"to":[12.0,7.60215,17.174942],"faces":{"east":{"uv":[7.65625,4.53125,7.75,4.59375],"tintindex":0,"rotation":0,"texture":"#0"},"south":{"uv":[7.28125,1.40625,7.40625,1.46875],"tintindex":0,"rotation":0,"texture":"#0"},"north":{"uv":[7.15625,1.84375,7.28125,1.90625],"tintindex":0,"rotation":0,"texture":"#0"},"west":{"uv":[7.65625,4.59375,7.75,4.65625],"tintindex":0,"rotation":0,"texture":"#0"},"up":{"uv":[2.125,3.0,2.0,2.90625],"tintindex":0,"rotation":0,"texture":"#0"},"down":{"uv":[2.78125,3.5,2.65625,3.59375],"tintindex":0,"rotation":0,"texture":"#0"}}},{"from":[2.5,8.60215,18.674942],"to":[8.0,8.60215,21.174942],"faces":{"up":{"uv":[7.75,5.125,7.40625,4.96875],"tintindex":0,"rotation":0,"texture":"#0"},"down":{"uv":[2.875,7.4375,2.53125,7.59375],"tintindex":0,"rotation":0,"texture":"#0"}},"rotation":{"origin":[4.75,8.60215,18.674942],"angle":-22.5,"axis":"x"}},{"from":[16.5,8.60215,-0.32505798],"to":[14.5,7.60215,-2.325059],"faces":{"east":{"uv":[3.59375,6.0,3.71875,6.0625],"tintindex":0,"rotation":0,"texture":"#0"},"south":{"uv":[6.25,2.15625,6.375,2.21875],"tintindex":0,"rotation":0,"texture":"#0"},"north":{"uv":[4.4375,5.5625,4.5625,5.625],"tintindex":0,"rotation":0,"texture":"#0"},"west":{"uv":[1.0625,7.0,1.1875,7.0625],"tintindex":0,"rotation":0,"texture":"#0"},"up":{"uv":[4.78125,1.8125,4.65625,1.6875],"tintindex":0,"rotation":0,"texture":"#0"},"down":{"uv":[4.90625,1.6875,4.78125,1.8125],"tintindex":0,"rotation":0,"texture":"#0"}}},{"from":[14.0,8.60215,17.174942],"to":[13.0,7.60215,14.674942],"faces":{"east":{"uv":[4.15625,2.40625,4.3125,2.46875],"tintindex":0,"rotation":0,"texture":"#0"},"south":{"uv":[1.71875,5.625,1.78125,5.6875],"tintindex":0,"rotation":0,"texture":"#0"},"north":{"uv":[1.25,4.90625,1.3125,4.96875],"tintindex":0,"rotation":0,"texture":"#0"},"west":{"uv":[5.65625,2.21875,5.8125,2.28125],"tintindex":0,"rotation":0,"texture":"#0"},"up":{"uv":[1.78125,5.625,1.71875,5.46875],"tintindex":0,"rotation":0,"texture":"#0"},"down":{"uv":[7.53125,3.65625,7.46875,3.8125],"tintindex":0,"rotation":0,"texture":"#0"}}},{"from":[0.0,8.60215,8.174942],"to":[-2.0,7.60215,6.174942],"faces":{"east":{"uv":[7.0,3.21875,7.125,3.28125],"tintindex":0,"rotation":0,"texture":"#0"},"south":{"uv":[6.28125,7.125,6.40625,7.1875],"tintindex":0,"rotation":0,"texture":"#0"},"north":{"uv":[7.0,3.15625,7.125,3.21875],"tintindex":0,"rotation":0,"texture":"#0"},"west":{"uv":[7.15625,1.40625,7.28125,1.46875],"tintindex":0,"rotation":0,"texture":"#0"},"up":{"uv":[5.09375,2.40625,4.96875,2.28125],"tintindex":0,"rotation":0,"texture":"#0"},"down":{"uv":[5.25,2.875,5.125,3.0],"tintindex":0,"rotation":0,"texture":"#0"}}},{"from":[9.5,8.60215,-4.825059],"to":[15.0,8.60215,-2.325059],"faces":{"up":{"uv":[7.75,4.8125,7.40625,4.65625],"tintindex":0,"rotation":0,"texture":"#0"},"down":{"uv":[7.75,4.8125,7.40625,4.96875],"tintindex":0,"rotation":0,"texture":"#0"}},"rotation":{"origin":[11.75,8.60215,-2.325059],"angle":22.5,"axis":"x"}},{"from":[-2.0,7.60215,-2.325059],"to":[19.0,8.60215,18.674942],"faces":{"east":{"uv":[5.875,3.4375,7.1875,3.5],"tintindex":0,"rotation":0,"texture":"#0"},"south":{"uv":[6.75,1.34375,8.0625,1.40625],"tintindex":0,"rotation":0,"texture":"#0"},"north":{"uv":[5.84375,1.40625,7.15625,1.46875],"tintindex":0,"rotation":0,"texture":"#0"},"west":{"uv":[6.84375,6.125,8.15625,6.1875],"tintindex":0,"rotation":0,"texture":"#0"},"up":{"uv":[1.3125,1.3125,0.0,0.0],"tintindex":0,"rotation":0,"texture":"#0"},"down":{"uv":[1.3125,1.3125,0.0,2.625],"tintindex":0,"rotation":0,"texture":"#0"}}},{"from":[3.0,6.25,3.5],"to":[14.0,13.25,13.5],"faces":{"east":{"uv":[2.5625,6.09375,3.1875,6.53125],"tintindex":0,"rotation":0,"texture":"#0"},"south":{"uv":[6.0,4.15625,6.6875,4.59375],"tintindex":0,"rotation":0,"texture":"#0"},"north":{"uv":[5.875,2.84375,6.5625,3.28125],"tintindex":0,"rotation":0,"texture":"#0"},"west":{"uv":[4.4375,6.21875,5.0625,6.65625],"tintindex":0,"rotation":0,"texture":"#0"},"up":{"uv":[3.03125,5.46875,2.34375,4.84375],"tintindex":0,"rotation":0,"texture":"#0"},"down":{"uv":[3.71875,4.84375,3.03125,5.46875],"tintindex":0,"rotation":0,"texture":"#0"}},"rotation":{"origin":[8.0,9.5,9.0],"angle":22.5,"axis":"x"}},{"from":[8.5,8.60215,0.674942],"to":[4.5,7.60215,-2.325059],"faces":{"east":{"uv":[5.46875,1.625,5.65625,1.6875],"tintindex":0,"rotation":0,"texture":"#0"},"south":{"uv":[6.5625,3.15625,6.8125,3.21875],"tintindex":0,"rotation":0,"texture":"#0"},"north":{"uv":[5.21875,1.625,5.46875,1.6875],"tintindex":0,"rotation":0,"texture":"#0"},"west":{"uv":[6.5625,3.21875,6.75,3.28125],"tintindex":0,"rotation":0,"texture":"#0"},"up":{"uv":[6.25,4.78125,6.0,4.59375],"tintindex":0,"rotation":0,"texture":"#0"},"down":{"uv":[7.78125,4.34375,7.53125,4.53125],"tintindex":0,"rotation":0,"texture":"#0"}}}],"display":{"head":{"rotation":[0.0,0.0,0.0]},"firstperson_righthand":{"rotation":[0.0,0.0,0.0]},"thirdperson_lefthand":{"rotation":[0.0,-0.0,-0.0]},"firstperson_lefthand":{"rotation":[0.0,-0.0,-0.0]},"fixed":{"rotation":[0.0,0.0,0.0]},"ground":{"rotation":[0.0,0.0,0.0]},"thirdperson_righthand":{"rotation":[0.0,0.0,0.0]},"gui":{"rotation":[-150.0,-45.0,180.0]}}}