{"textures":{"0":"modelengine:entity/scarecrow2","particle":"#0"},"elements":[{"from":[6.5,13.492306,2.5113087],"to":[8.0,15.992306,8.011309],"faces":{"east":{"uv":[7.4375,2.9375,7.78125,3.09375],"tintindex":0,"rotation":0,"texture":"#0"},"south":{"uv":[7.6875,5.375,7.78125,5.53125],"tintindex":0,"rotation":0,"texture":"#0"},"north":{"uv":[4.28125,7.6875,4.375,7.84375],"tintindex":0,"rotation":0,"texture":"#0"},"west":{"uv":[7.4375,5.84375,7.78125,6.0],"tintindex":0,"rotation":0,"texture":"#0"},"up":{"uv":[7.65625,2.1875,7.5625,1.84375],"tintindex":0,"rotation":0,"texture":"#0"},"down":{"uv":[7.28125,7.5625,7.1875,7.90625],"tintindex":0,"rotation":0,"texture":"#0"}}},{"from":[6.0,7.9923058,8.011309],"to":[8.5,15.992306,11.511309],"faces":{"east":{"uv":[6.5625,7.1875,6.78125,7.6875],"tintindex":0,"rotation":0,"texture":"#0"},"south":{"uv":[1.0625,6.5,1.21875,7.0],"tintindex":0,"rotation":0,"texture":"#0"},"north":{"uv":[2.65625,3.0,2.8125,3.5],"tintindex":0,"rotation":0,"texture":"#0"},"west":{"uv":[6.78125,7.1875,7.0,7.6875],"tintindex":0,"rotation":0,"texture":"#0"},"up":{"uv":[2.15625,2.90625,2.0,2.6875],"tintindex":0,"rotation":0,"texture":"#0"},"down":{"uv":[7.6875,5.625,7.53125,5.84375],"tintindex":0,"rotation":0,"texture":"#0"}}},{"from":[6.5,15.992306,2.5113087],"to":[8.0,22.492306,4.5113087],"faces":{"east":{"uv":[4.4375,5.15625,4.5625,5.5625],"tintindex":0,"rotation":0,"texture":"#0"},"south":{"uv":[1.9375,7.5625,2.03125,7.96875],"tintindex":0,"rotation":0,"texture":"#0"},"north":{"uv":[1.84375,7.5625,1.9375,7.96875],"tintindex":0,"rotation":0,"texture":"#0"},"west":{"uv":[6.6875,4.15625,6.8125,4.5625],"tintindex":0,"rotation":0,"texture":"#0"},"up":{"uv":[6.90625,3.28125,6.8125,3.15625],"tintindex":0,"rotation":0,"texture":"#0"},"down":{"uv":[7.0,3.15625,6.90625,3.28125],"tintindex":0,"rotation":0,"texture":"#0"}}}],"display":{"head":{"rotation":[0.0,0.0,0.0]},"firstperson_righthand":{"rotation":[0.0,0.0,0.0]},"thirdperson_lefthand":{"rotation":[0.0,-0.0,-0.0]},"firstperson_lefthand":{"rotation":[0.0,-0.0,-0.0]},"fixed":{"rotation":[0.0,0.0,0.0]},"ground":{"rotation":[0.0,0.0,0.0]},"thirdperson_righthand":{"rotation":[0.0,0.0,0.0]},"gui":{"rotation":[-150.0,-45.0,180.0]}}}