{"textures":{"0":"modelengine:entity/scarecrow2","particle":"#0"},"elements":[{"from":[1.0,8.0,8.0],"to":[13.0,24.0,19.0],"faces":{"east":{"uv":[3.875,7.125,4.21875,7.625],"tintindex":0,"rotation":0,"texture":"#0"},"south":{"uv":[1.65625,7.0625,2.03125,7.5625],"tintindex":0,"rotation":0,"texture":"#0"},"north":{"uv":[1.28125,7.0625,1.65625,7.5625],"tintindex":0,"rotation":0,"texture":"#0"},"west":{"uv":[7.15625,0.0,7.5,0.5],"tintindex":0,"rotation":0,"texture":"#0"},"up":{"uv":[4.6875,3.34375,4.3125,3.0],"tintindex":0,"rotation":0,"texture":"#0"},"down":{"uv":[7.5625,3.15625,7.1875,3.5],"tintindex":0,"rotation":0,"texture":"#0"}}}],"display":{"head":{"rotation":[0.0,0.0,0.0]},"firstperson_righthand":{"rotation":[0.0,0.0,0.0]},"thirdperson_lefthand":{"rotation":[0.0,-0.0,-0.0]},"firstperson_lefthand":{"rotation":[0.0,-0.0,-0.0]},"fixed":{"rotation":[0.0,0.0,0.0]},"ground":{"rotation":[0.0,0.0,0.0]},"thirdperson_righthand":{"rotation":[0.0,0.0,0.0]},"gui":{"rotation":[-150.0,-45.0,180.0]}}}