{"textures":{"0":"modelengine:entity/scarecrow2","particle":"#0"},"elements":[{"from":[7.5,8.5,7.5],"to":[26.5,27.5,26.5],"faces":{"east":{"uv":[0.0,8.09375,0.625,8.71875],"tintindex":0,"rotation":0,"texture":"#0"},"south":{"uv":[0.0,8.03125,0.625,8.65625],"tintindex":0,"rotation":0,"texture":"#0"},"north":{"uv":[0.0,8.0625,0.625,8.6875],"tintindex":0,"rotation":0,"texture":"#0"},"west":{"uv":[0.625,8.09375,0.0,8.71875],"tintindex":0,"rotation":0,"texture":"#0"},"up":{"uv":[0.625,8.71875,0.0,8.09375],"tintindex":0,"rotation":0,"texture":"#0"},"down":{"uv":[0.625,8.09375,0.0,8.71875],"tintindex":0,"rotation":0,"texture":"#0"}}}],"display":{"head":{"rotation":[0.0,0.0,0.0]},"firstperson_righthand":{"rotation":[0.0,0.0,0.0]},"thirdperson_lefthand":{"rotation":[0.0,-0.0,-0.0]},"firstperson_lefthand":{"rotation":[0.0,-0.0,-0.0]},"fixed":{"rotation":[0.0,0.0,0.0]},"ground":{"rotation":[0.0,0.0,0.0]},"thirdperson_righthand":{"rotation":[0.0,0.0,0.0]},"gui":{"rotation":[-150.0,-45.0,180.0]}}}