{"textures":{"0":"modelengine:entity/scarecrow2","particle":"#0"},"elements":[{"from":[3.0,8.0,3.0],"to":[13.0,18.0,13.0],"faces":{"east":{"uv":[5.25,2.875,5.875,3.5],"tintindex":0,"rotation":0,"texture":"#0"},"south":{"uv":[5.34375,0.0,5.96875,0.625],"tintindex":0,"rotation":0,"texture":"#0"},"north":{"uv":[5.21875,0.84375,5.84375,1.46875],"tintindex":0,"rotation":0,"texture":"#0"},"west":{"uv":[5.875,2.875,5.25,3.5],"tintindex":0,"rotation":0,"texture":"#0"},"up":{"uv":[2.96875,6.09375,2.34375,5.46875],"tintindex":0,"rotation":0,"texture":"#0"},"down":{"uv":[3.59375,5.46875,2.96875,6.09375],"tintindex":0,"rotation":0,"texture":"#0"}}},{"from":[6.5,18.0,6.5],"to":[9.5,20.5,9.5],"faces":{"east":{"uv":[7.28125,7.5625,7.46875,7.71875],"tintindex":0,"rotation":0,"texture":"#0"},"south":{"uv":[7.5625,2.4375,7.75,2.59375],"tintindex":0,"rotation":0,"texture":"#0"},"north":{"uv":[7.5625,2.4375,7.75,2.59375],"tintindex":0,"rotation":0,"texture":"#0"},"west":{"uv":[7.5625,2.4375,7.75,2.59375],"tintindex":0,"rotation":0,"texture":"#0"},"up":{"uv":[6.5625,2.84375,6.375,2.65625],"tintindex":0,"rotation":0,"texture":"#0"},"down":{"uv":[6.8125,0.9375,6.625,1.125],"tintindex":0,"rotation":0,"texture":"#0"}},"rotation":{"origin":[8.0,18.0,6.5],"angle":22.5,"axis":"x"}}],"display":{"head":{"rotation":[0.0,0.0,0.0]},"firstperson_righthand":{"rotation":[0.0,0.0,0.0]},"thirdperson_lefthand":{"rotation":[0.0,-0.0,-0.0]},"firstperson_lefthand":{"rotation":[0.0,-0.0,-0.0]},"fixed":{"rotation":[0.0,0.0,0.0]},"ground":{"rotation":[0.0,0.0,0.0]},"thirdperson_righthand":{"rotation":[0.0,0.0,0.0]},"gui":{"rotation":[-150.0,-45.0,180.0]}}}