{"textures":{"0":"modelengine:entity/scarecrow2","particle":"#0"},"elements":[{"from":[8.0,-12.0,8.0],"to":[8.0,28.0,23.0],"faces":{"east":{"uv":[3.125,3.59375,3.59375,4.84375],"tintindex":0,"rotation":0,"texture":"#0"},"west":{"uv":[3.59375,3.59375,4.0625,4.84375],"tintindex":0,"rotation":0,"texture":"#0"}}}],"display":{"head":{"rotation":[0.0,0.0,0.0]},"firstperson_righthand":{"rotation":[0.0,0.0,0.0]},"thirdperson_lefthand":{"rotation":[0.0,-0.0,-0.0]},"firstperson_lefthand":{"rotation":[0.0,-0.0,-0.0]},"fixed":{"rotation":[0.0,0.0,0.0]},"ground":{"rotation":[0.0,0.0,0.0]},"thirdperson_righthand":{"rotation":[0.0,0.0,0.0]},"gui":{"rotation":[-150.0,-45.0,180.0]}}}