{"textures":{"0":"modelengine:entity/scarecrow2","particle":"#0"},"elements":[{"from":[6.5,1.9073486E-6,8.0],"to":[9.5,8.0,10.0],"faces":{"east":{"uv":[5.84375,0.84375,5.90625,1.09375],"tintindex":0,"rotation":0,"texture":"#0"},"south":{"uv":[6.4375,7.59375,6.53125,7.84375],"tintindex":0,"rotation":0,"texture":"#0"},"north":{"uv":[6.25,1.90625,6.34375,2.15625],"tintindex":0,"rotation":0,"texture":"#0"},"west":{"uv":[5.0625,6.125,5.125,6.375],"tintindex":0,"rotation":0,"texture":"#0"},"up":{"uv":[7.5,1.46875,7.40625,1.40625],"tintindex":0,"rotation":0,"texture":"#0"},"down":{"uv":[7.53125,3.09375,7.4375,3.15625],"tintindex":0,"rotation":0,"texture":"#0"}}}],"display":{"head":{"rotation":[0.0,0.0,0.0]},"firstperson_righthand":{"rotation":[0.0,0.0,0.0]},"thirdperson_lefthand":{"rotation":[0.0,-0.0,-0.0]},"firstperson_lefthand":{"rotation":[0.0,-0.0,-0.0]},"fixed":{"rotation":[0.0,0.0,0.0]},"ground":{"rotation":[0.0,0.0,0.0]},"thirdperson_righthand":{"rotation":[0.0,0.0,0.0]},"gui":{"rotation":[-150.0,-45.0,180.0]}}}