{"textures":{"0":"modelengine:entity/scarecrow2","particle":"#0"},"elements":[{"from":[6.5,-5.0,8.0],"to":[9.5,8.0,10.0],"faces":{"east":{"uv":[1.25,4.5,1.3125,4.90625],"tintindex":0,"rotation":0,"texture":"#0"},"south":{"uv":[7.09375,7.53125,7.1875,7.9375],"tintindex":0,"rotation":0,"texture":"#0"},"north":{"uv":[7.0,7.53125,7.09375,7.9375],"tintindex":0,"rotation":0,"texture":"#0"},"west":{"uv":[2.28125,5.6875,2.34375,6.09375],"tintindex":0,"rotation":0,"texture":"#0"},"up":{"uv":[7.53125,6.0625,7.4375,6.0],"tintindex":0,"rotation":0,"texture":"#0"},"down":{"uv":[7.53125,6.0625,7.4375,6.125],"tintindex":0,"rotation":0,"texture":"#0"}}}],"display":{"head":{"rotation":[0.0,0.0,0.0]},"firstperson_righthand":{"rotation":[0.0,0.0,0.0]},"thirdperson_lefthand":{"rotation":[0.0,-0.0,-0.0]},"firstperson_lefthand":{"rotation":[0.0,-0.0,-0.0]},"fixed":{"rotation":[0.0,0.0,0.0]},"ground":{"rotation":[0.0,0.0,0.0]},"thirdperson_righthand":{"rotation":[0.0,0.0,0.0]},"gui":{"rotation":[-150.0,-45.0,180.0]}}}