{"textures":{"0":"modelengine:entity/scarecrow2","particle":"#0"},"elements":[{"from":[1.5,2.0,8.921271],"to":[5.0,7.0,8.921271],"faces":{"south":{"uv":[7.34375,3.8125,7.5625,4.125],"tintindex":0,"rotation":0,"texture":"#0"},"north":{"uv":[3.15625,7.34375,3.375,7.65625],"tintindex":0,"rotation":0,"texture":"#0"}},"rotation":{"origin":[5.0,2.75,8.921271],"angle":22.5,"axis":"y"}},{"from":[5.0,-8.5,5.9212713],"to":[8.0,9.5,10.421271],"faces":{"east":{"uv":[5.96875,0.0,6.25,1.125],"tintindex":0,"rotation":0,"texture":"#0"},"south":{"uv":[6.28125,5.71875,6.46875,6.84375],"tintindex":0,"rotation":0,"texture":"#0"},"north":{"uv":[6.28125,4.59375,6.46875,5.71875],"tintindex":0,"rotation":0,"texture":"#0"},"west":{"uv":[5.71875,6.03125,6.0,7.15625],"tintindex":0,"rotation":0,"texture":"#0"},"up":{"uv":[4.0625,5.125,3.875,4.84375],"tintindex":0,"rotation":0,"texture":"#0"},"down":{"uv":[6.46875,6.84375,6.28125,7.125],"tintindex":0,"rotation":0,"texture":"#0"}}},{"from":[4.1389627,-2.5,10.25],"to":[4.1389627,9.5,14.75],"faces":{"east":{"uv":[1.71875,6.3125,2.0,7.0625],"tintindex":0,"rotation":0,"texture":"#0"},"west":{"uv":[2.0,6.3125,2.28125,7.0625],"tintindex":0,"rotation":0,"texture":"#0"}},"rotation":{"origin":[4.1389627,3.5,12.5],"angle":-22.5,"axis":"y"}}],"display":{"head":{"rotation":[0.0,0.0,0.0]},"firstperson_righthand":{"rotation":[0.0,0.0,0.0]},"thirdperson_lefthand":{"rotation":[0.0,-0.0,-0.0]},"firstperson_lefthand":{"rotation":[0.0,-0.0,-0.0]},"fixed":{"rotation":[0.0,0.0,0.0]},"ground":{"rotation":[0.0,0.0,0.0]},"thirdperson_righthand":{"rotation":[0.0,0.0,0.0]},"gui":{"rotation":[-150.0,-45.0,180.0]}}}