{"textures":{"0":"modelengine:entity/scarecrow2","particle":"#0"},"elements":[{"from":[6.5041857,-9.5017395,5.0],"to":[6.5041857,-5.1684065,8.0],"faces":{"east":{"uv":[7.1875,5.21875,7.46875,5.625],"tintindex":0,"rotation":0,"texture":"#0"},"west":{"uv":[7.1875,5.21875,7.46875,5.625],"tintindex":0,"rotation":0,"texture":"#0"}},"rotation":{"origin":[6.5041857,-7.3350735,6.5],"angle":-22.5,"axis":"z"}},{"from":[5.0,2.333333,7.0],"to":[7.3333335,8.0,7.0],"faces":{"south":{"uv":[7.1875,4.6875,7.40625,5.21875],"tintindex":0,"rotation":0,"texture":"#0"},"north":{"uv":[7.1875,4.15625,7.40625,4.6875],"tintindex":0,"rotation":0,"texture":"#0"}},"rotation":{"origin":[7.3333335,5.1666665,7.0],"angle":22.5,"axis":"y"}},{"from":[7.3333335,-5.333334,5.0],"to":[9.333333,8.0,8.0],"faces":{"east":{"uv":[1.25,5.8125,1.53125,7.0625],"tintindex":0,"rotation":0,"texture":"#0"},"south":{"uv":[0.28125,5.9375,0.46875,7.1875],"tintindex":0,"rotation":0,"texture":"#0"},"north":{"uv":[1.53125,5.8125,1.71875,7.0625],"tintindex":0,"rotation":0,"texture":"#0"},"west":{"uv":[3.875,5.875,4.15625,7.125],"tintindex":0,"rotation":0,"texture":"#0"},"up":{"uv":[7.625,6.875,7.4375,6.59375],"tintindex":0,"rotation":0,"texture":"#0"},"down":{"uv":[7.625,6.875,7.4375,7.15625],"tintindex":0,"rotation":0,"texture":"#0"}}}],"display":{"head":{"rotation":[0.0,0.0,0.0]},"firstperson_righthand":{"rotation":[0.0,0.0,0.0]},"thirdperson_lefthand":{"rotation":[0.0,-0.0,-0.0]},"firstperson_lefthand":{"rotation":[0.0,-0.0,-0.0]},"fixed":{"rotation":[0.0,0.0,0.0]},"ground":{"rotation":[0.0,0.0,0.0]},"thirdperson_righthand":{"rotation":[0.0,0.0,0.0]},"gui":{"rotation":[-150.0,-45.0,180.0]}}}