{"textures":{"0":"modelengine:entity/scarecrow2","particle":"#0"},"elements":[{"from":[9.5,-7.75,6.5],"to":[9.5,0.25,9.5],"faces":{"east":{"uv":[7.65625,1.84375,7.75,2.09375],"tintindex":0,"rotation":0,"texture":"#0"},"west":{"uv":[7.65625,1.84375,7.75,2.09375],"tintindex":0,"rotation":0,"texture":"#0"}},"rotation":{"origin":[9.5,-3.75,8.0],"angle":22.5,"axis":"z"}},{"from":[7.969267,-0.054481506,6.5],"to":[9.969267,7.945518,9.5],"faces":{"east":{"uv":[2.1875,7.625,2.28125,7.875],"tintindex":0,"rotation":0,"texture":"#0"},"south":{"uv":[7.65625,7.0,7.71875,7.25],"tintindex":0,"rotation":0,"texture":"#0"},"north":{"uv":[4.15625,7.625,4.21875,7.875],"tintindex":0,"rotation":0,"texture":"#0"},"west":{"uv":[7.625,6.75,7.71875,7.0],"tintindex":0,"rotation":0,"texture":"#0"},"up":{"uv":[7.5625,2.9375,7.5,2.84375],"tintindex":0,"rotation":0,"texture":"#0"},"down":{"uv":[7.59375,4.53125,7.53125,4.625],"tintindex":0,"rotation":0,"texture":"#0"}}}],"display":{"head":{"rotation":[0.0,0.0,0.0]},"firstperson_righthand":{"rotation":[0.0,0.0,0.0]},"thirdperson_lefthand":{"rotation":[0.0,-0.0,-0.0]},"firstperson_lefthand":{"rotation":[0.0,-0.0,-0.0]},"fixed":{"rotation":[0.0,0.0,0.0]},"ground":{"rotation":[0.0,0.0,0.0]},"thirdperson_righthand":{"rotation":[0.0,0.0,0.0]},"gui":{"rotation":[-150.0,-45.0,180.0]}}}