{"textures":{"0":"modelengine:entity/scarecrow2","particle":"#0"},"elements":[{"from":[7.969267,-5.0544815,6.5],"to":[9.969267,7.9455185,9.5],"faces":{"east":{"uv":[1.28125,7.5625,1.375,7.96875],"tintindex":0,"rotation":0,"texture":"#0"},"south":{"uv":[2.5625,7.59375,2.625,8.0],"tintindex":0,"rotation":0,"texture":"#0"},"north":{"uv":[2.5,7.59375,2.5625,8.0],"tintindex":0,"rotation":0,"texture":"#0"},"west":{"uv":[1.375,7.5625,1.46875,7.96875],"tintindex":0,"rotation":0,"texture":"#0"},"up":{"uv":[7.1875,3.25,7.125,3.15625],"tintindex":0,"rotation":0,"texture":"#0"},"down":{"uv":[7.46875,5.125,7.40625,5.21875],"tintindex":0,"rotation":0,"texture":"#0"}}}],"display":{"head":{"rotation":[0.0,0.0,0.0]},"firstperson_righthand":{"rotation":[0.0,0.0,0.0]},"thirdperson_lefthand":{"rotation":[0.0,-0.0,-0.0]},"firstperson_lefthand":{"rotation":[0.0,-0.0,-0.0]},"fixed":{"rotation":[0.0,0.0,0.0]},"ground":{"rotation":[0.0,0.0,0.0]},"thirdperson_righthand":{"rotation":[0.0,0.0,0.0]},"gui":{"rotation":[-150.0,-45.0,180.0]}}}