{"textures":{"0":"modelengine:entity/scarecrow2","particle":"#0"},"elements":[{"from":[7.0,-9.0,2.0],"to":[11.0,8.0,14.0],"faces":{"east":{"uv":[1.78125,3.71875,2.15625,4.25],"tintindex":0,"rotation":0,"texture":"#0"},"south":{"uv":[3.375,7.34375,3.5,7.875],"tintindex":0,"rotation":0,"texture":"#0"},"north":{"uv":[3.59375,5.46875,3.71875,6.0],"tintindex":0,"rotation":0,"texture":"#0"},"west":{"uv":[6.46875,4.59375,6.84375,5.125],"tintindex":0,"rotation":0,"texture":"#0"},"up":{"uv":[3.0,7.8125,2.875,7.4375],"tintindex":0,"rotation":0,"texture":"#0"},"down":{"uv":[3.84375,7.5,3.71875,7.875],"tintindex":0,"rotation":0,"texture":"#0"}}}],"display":{"head":{"rotation":[0.0,0.0,0.0]},"firstperson_righthand":{"rotation":[0.0,0.0,0.0]},"thirdperson_lefthand":{"rotation":[0.0,-0.0,-0.0]},"firstperson_lefthand":{"rotation":[0.0,-0.0,-0.0]},"fixed":{"rotation":[0.0,0.0,0.0]},"ground":{"rotation":[0.0,0.0,0.0]},"thirdperson_righthand":{"rotation":[0.0,0.0,0.0]},"gui":{"rotation":[-150.0,-45.0,180.0]}}}