{"textures":{"0":"modelengine:entity/scarecrow2","particle":"#0"},"elements":[{"from":[7.969267,-8.0544815,6.5],"to":[9.969267,7.9455185,9.5],"faces":{"east":{"uv":[5.03125,5.625,5.125,6.125],"tintindex":0,"rotation":0,"texture":"#0"},"south":{"uv":[1.71875,4.96875,1.78125,5.46875],"tintindex":0,"rotation":0,"texture":"#0"},"north":{"uv":[2.59375,4.25,2.65625,4.75],"tintindex":0,"rotation":0,"texture":"#0"},"west":{"uv":[5.28125,7.5,5.375,8.0],"tintindex":0,"rotation":0,"texture":"#0"},"up":{"uv":[2.65625,4.84375,2.59375,4.75],"tintindex":0,"rotation":0,"texture":"#0"},"down":{"uv":[4.96875,1.6875,4.90625,1.78125],"tintindex":0,"rotation":0,"texture":"#0"}}}],"display":{"head":{"rotation":[0.0,0.0,0.0]},"firstperson_righthand":{"rotation":[0.0,0.0,0.0]},"thirdperson_lefthand":{"rotation":[0.0,-0.0,-0.0]},"firstperson_lefthand":{"rotation":[0.0,-0.0,-0.0]},"fixed":{"rotation":[0.0,0.0,0.0]},"ground":{"rotation":[0.0,0.0,0.0]},"thirdperson_righthand":{"rotation":[0.0,0.0,0.0]},"gui":{"rotation":[-150.0,-45.0,180.0]}}}