{"textures":{"0":"modelengine:entity/scarecrow2","particle":"#0"},"elements":[{"from":[6.5,-7.75,6.5],"to":[6.5,0.25,9.5],"faces":{"east":{"uv":[7.65625,5.125,7.75,5.375],"tintindex":0,"rotation":0,"texture":"#0"},"west":{"uv":[7.65625,5.125,7.75,5.375],"tintindex":0,"rotation":0,"texture":"#0"}},"rotation":{"origin":[6.5,-3.75,8.0],"angle":-22.5,"axis":"z"}},{"from":[6.030733,-0.054481506,6.5],"to":[8.030733,7.945518,9.5],"faces":{"east":{"uv":[3.25,7.65625,3.34375,7.90625],"tintindex":0,"rotation":0,"texture":"#0"},"south":{"uv":[4.21875,7.6875,4.28125,7.9375],"tintindex":0,"rotation":0,"texture":"#0"},"north":{"uv":[7.6875,0.0,7.75,0.25],"tintindex":0,"rotation":0,"texture":"#0"},"west":{"uv":[7.65625,3.71875,7.75,3.96875],"tintindex":0,"rotation":0,"texture":"#0"},"up":{"uv":[7.71875,2.1875,7.65625,2.09375],"tintindex":0,"rotation":0,"texture":"#0"},"down":{"uv":[7.71875,2.84375,7.65625,2.9375],"tintindex":0,"rotation":0,"texture":"#0"}}}],"display":{"head":{"rotation":[0.0,0.0,0.0]},"firstperson_righthand":{"rotation":[0.0,0.0,0.0]},"thirdperson_lefthand":{"rotation":[0.0,-0.0,-0.0]},"firstperson_lefthand":{"rotation":[0.0,-0.0,-0.0]},"fixed":{"rotation":[0.0,0.0,0.0]},"ground":{"rotation":[0.0,0.0,0.0]},"thirdperson_righthand":{"rotation":[0.0,0.0,0.0]},"gui":{"rotation":[-150.0,-45.0,180.0]}}}