{"textures":{"0":"modelengine:entity/scarecrow2","particle":"#0"},"elements":[{"from":[8.0,-12.0,8.0],"to":[8.0,28.0,23.0],"faces":{"east":{"uv":[3.6875,0.0,4.15625,1.25],"tintindex":0,"rotation":0,"texture":"#0"},"west":{"uv":[3.6875,1.25,4.15625,2.5],"tintindex":0,"rotation":0,"texture":"#0"}}}],"display":{"head":{"rotation":[0.0,0.0,0.0]},"firstperson_righthand":{"rotation":[0.0,0.0,0.0]},"thirdperson_lefthand":{"rotation":[0.0,-0.0,-0.0]},"firstperson_lefthand":{"rotation":[0.0,-0.0,-0.0]},"fixed":{"rotation":[0.0,0.0,0.0]},"ground":{"rotation":[0.0,0.0,0.0]},"thirdperson_righthand":{"rotation":[0.0,0.0,0.0]},"gui":{"rotation":[-150.0,-45.0,180.0]}}}