{"textures":{"0":"modelengine:entity/scarecrow2","particle":"#0"},"elements":[{"from":[6.030733,-5.0544815,6.5],"to":[8.030733,7.9455185,9.5],"faces":{"east":{"uv":[1.65625,7.5625,1.75,7.96875],"tintindex":0,"rotation":0,"texture":"#0"},"south":{"uv":[2.8125,7.59375,2.875,8.0],"tintindex":0,"rotation":0,"texture":"#0"},"north":{"uv":[2.75,7.59375,2.8125,8.0],"tintindex":0,"rotation":0,"texture":"#0"},"west":{"uv":[1.75,7.5625,1.84375,7.96875],"tintindex":0,"rotation":0,"texture":"#0"},"up":{"uv":[7.6875,6.09375,7.625,6.0],"tintindex":0,"rotation":0,"texture":"#0"},"down":{"uv":[7.6875,6.34375,7.625,6.4375],"tintindex":0,"rotation":0,"texture":"#0"}}}],"display":{"head":{"rotation":[0.0,0.0,0.0]},"firstperson_righthand":{"rotation":[0.0,0.0,0.0]},"thirdperson_lefthand":{"rotation":[0.0,-0.0,-0.0]},"firstperson_lefthand":{"rotation":[0.0,-0.0,-0.0]},"fixed":{"rotation":[0.0,0.0,0.0]},"ground":{"rotation":[0.0,0.0,0.0]},"thirdperson_righthand":{"rotation":[0.0,0.0,0.0]},"gui":{"rotation":[-150.0,-45.0,180.0]}}}