{"textures":{"0":"modelengine:entity/scarecrow2","particle":"#0"},"elements":[{"from":[6.5,1.9073486E-6,8.0],"to":[9.5,8.0,10.0],"faces":{"east":{"uv":[7.65625,7.25,7.71875,7.5],"tintindex":0,"rotation":0,"texture":"#0"},"south":{"uv":[3.15625,7.65625,3.25,7.90625],"tintindex":0,"rotation":0,"texture":"#0"},"north":{"uv":[7.65625,3.09375,7.75,3.34375],"tintindex":0,"rotation":0,"texture":"#0"},"west":{"uv":[7.65625,7.5,7.71875,7.75],"tintindex":0,"rotation":0,"texture":"#0"},"up":{"uv":[7.625,6.0625,7.53125,6.0],"tintindex":0,"rotation":0,"texture":"#0"},"down":{"uv":[7.625,6.0625,7.53125,6.125],"tintindex":0,"rotation":0,"texture":"#0"}}}],"display":{"head":{"rotation":[0.0,0.0,0.0]},"firstperson_righthand":{"rotation":[0.0,0.0,0.0]},"thirdperson_lefthand":{"rotation":[0.0,-0.0,-0.0]},"firstperson_lefthand":{"rotation":[0.0,-0.0,-0.0]},"fixed":{"rotation":[0.0,0.0,0.0]},"ground":{"rotation":[0.0,0.0,0.0]},"thirdperson_righthand":{"rotation":[0.0,0.0,0.0]},"gui":{"rotation":[-150.0,-45.0,180.0]}}}