{"textures":{"0":"modelengine:entity/scarecrow2","particle":"#0"},"elements":[{"from":[6.030733,-8.0544815,6.5],"to":[8.030733,7.9455185,9.5],"faces":{"east":{"uv":[4.78125,7.53125,4.875,8.03125],"tintindex":0,"rotation":0,"texture":"#0"},"south":{"uv":[5.375,7.5,5.4375,8.0],"tintindex":0,"rotation":0,"texture":"#0"},"north":{"uv":[5.90625,0.625,5.96875,1.125],"tintindex":0,"rotation":0,"texture":"#0"},"west":{"uv":[4.875,7.53125,4.96875,8.03125],"tintindex":0,"rotation":0,"texture":"#0"},"up":{"uv":[7.65625,4.625,7.59375,4.53125],"tintindex":0,"rotation":0,"texture":"#0"},"down":{"uv":[7.6875,1.25,7.625,1.34375],"tintindex":0,"rotation":0,"texture":"#0"}}}],"display":{"head":{"rotation":[0.0,0.0,0.0]},"firstperson_righthand":{"rotation":[0.0,0.0,0.0]},"thirdperson_lefthand":{"rotation":[0.0,-0.0,-0.0]},"firstperson_lefthand":{"rotation":[0.0,-0.0,-0.0]},"fixed":{"rotation":[0.0,0.0,0.0]},"ground":{"rotation":[0.0,0.0,0.0]},"thirdperson_righthand":{"rotation":[0.0,0.0,0.0]},"gui":{"rotation":[-150.0,-45.0,180.0]}}}