{"textures":{"0":"modelengine:entity/scarecrow2","particle":"#0"},"elements":[{"from":[8.666667,2.333333,7.0],"to":[11.0,8.0,7.0],"faces":{"south":{"uv":[7.1875,4.15625,7.40625,4.6875],"tintindex":0,"rotation":0,"texture":"#0"},"north":{"uv":[7.1875,4.6875,7.40625,5.21875],"tintindex":0,"rotation":0,"texture":"#0"}},"rotation":{"origin":[8.666667,5.1666665,7.0],"angle":-22.5,"axis":"y"}},{"from":[9.495814,-9.5017395,5.0],"to":[9.495814,-5.1684065,8.0],"faces":{"east":{"uv":[6.28125,7.1875,6.5625,7.59375],"tintindex":0,"rotation":0,"texture":"#0"},"west":{"uv":[6.28125,7.1875,6.5625,7.59375],"tintindex":0,"rotation":0,"texture":"#0"}},"rotation":{"origin":[9.495814,-7.3350735,6.5],"angle":22.5,"axis":"z"}},{"from":[6.6666665,-5.333334,5.0],"to":[8.666667,8.0,8.0],"faces":{"east":{"uv":[4.15625,5.875,4.4375,7.125],"tintindex":0,"rotation":0,"texture":"#0"},"south":{"uv":[3.375,6.09375,3.5625,7.34375],"tintindex":0,"rotation":0,"texture":"#0"},"north":{"uv":[3.1875,6.09375,3.375,7.34375],"tintindex":0,"rotation":0,"texture":"#0"},"west":{"uv":[0.0,5.9375,0.28125,7.1875],"tintindex":0,"rotation":0,"texture":"#0"},"up":{"uv":[7.65625,7.71875,7.46875,7.4375],"tintindex":0,"rotation":0,"texture":"#0"},"down":{"uv":[7.6875,0.0,7.5,0.28125],"tintindex":0,"rotation":0,"texture":"#0"}}}],"display":{"head":{"rotation":[0.0,0.0,0.0]},"firstperson_righthand":{"rotation":[0.0,0.0,0.0]},"thirdperson_lefthand":{"rotation":[0.0,-0.0,-0.0]},"firstperson_lefthand":{"rotation":[0.0,-0.0,-0.0]},"fixed":{"rotation":[0.0,0.0,0.0]},"ground":{"rotation":[0.0,0.0,0.0]},"thirdperson_righthand":{"rotation":[0.0,0.0,0.0]},"gui":{"rotation":[-150.0,-45.0,180.0]}}}