{"textures":{"0":"modelengine:entity/scarecrow2","particle":"#0"},"elements":[{"from":[6.5,-5.0,8.0],"to":[9.5,8.0,10.0],"faces":{"east":{"uv":[2.625,7.59375,2.6875,8.0],"tintindex":0,"rotation":0,"texture":"#0"},"south":{"uv":[1.5625,7.5625,1.65625,7.96875],"tintindex":0,"rotation":0,"texture":"#0"},"north":{"uv":[1.46875,7.5625,1.5625,7.96875],"tintindex":0,"rotation":0,"texture":"#0"},"west":{"uv":[2.6875,7.59375,2.75,8.0],"tintindex":0,"rotation":0,"texture":"#0"},"up":{"uv":[7.65625,2.90625,7.5625,2.84375],"tintindex":0,"rotation":0,"texture":"#0"},"down":{"uv":[7.6875,2.34375,7.59375,2.40625],"tintindex":0,"rotation":0,"texture":"#0"}}}],"display":{"head":{"rotation":[0.0,0.0,0.0]},"firstperson_righthand":{"rotation":[0.0,0.0,0.0]},"thirdperson_lefthand":{"rotation":[0.0,-0.0,-0.0]},"firstperson_lefthand":{"rotation":[0.0,-0.0,-0.0]},"fixed":{"rotation":[0.0,0.0,0.0]},"ground":{"rotation":[0.0,0.0,0.0]},"thirdperson_righthand":{"rotation":[0.0,0.0,0.0]},"gui":{"rotation":[-150.0,-45.0,180.0]}}}