{"textures":{"0":"modelengine:entity/scarecrow2","particle":"#0"},"elements":[{"from":[8.0,-12.0,8.0],"to":[8.0,28.0,23.0],"faces":{"east":{"uv":[1.3125,3.71875,1.78125,4.96875],"tintindex":0,"rotation":0,"texture":"#0"},"west":{"uv":[0.0,3.84375,0.46875,5.09375],"tintindex":0,"rotation":0,"texture":"#0"}}}],"display":{"head":{"rotation":[0.0,0.0,0.0]},"firstperson_righthand":{"rotation":[0.0,0.0,0.0]},"thirdperson_lefthand":{"rotation":[0.0,-0.0,-0.0]},"firstperson_lefthand":{"rotation":[0.0,-0.0,-0.0]},"fixed":{"rotation":[0.0,0.0,0.0]},"ground":{"rotation":[0.0,0.0,0.0]},"thirdperson_righthand":{"rotation":[0.0,0.0,0.0]},"gui":{"rotation":[-150.0,-45.0,180.0]}}}