{"textures":{"0":"modelengine:entity/scarecrow2","particle":"#0"},"elements":[{"from":[2.5,8.0,8.0],"to":[13.5,8.0,26.0],"faces":{"up":{"uv":[7.15625,1.125,6.8125,0.5625],"tintindex":0,"rotation":0,"texture":"#0"},"down":{"uv":[7.15625,6.625,6.8125,7.1875],"tintindex":0,"rotation":0,"texture":"#0"}}}],"display":{"head":{"rotation":[0.0,0.0,0.0]},"firstperson_righthand":{"rotation":[0.0,0.0,0.0]},"thirdperson_lefthand":{"rotation":[0.0,-0.0,-0.0]},"firstperson_lefthand":{"rotation":[0.0,-0.0,-0.0]},"fixed":{"rotation":[0.0,0.0,0.0]},"ground":{"rotation":[0.0,0.0,0.0]},"thirdperson_righthand":{"rotation":[0.0,0.0,0.0]},"gui":{"rotation":[-150.0,-45.0,180.0]}}}