{"textures":{"0":"modelengine:entity/scarecrow2","particle":"#0"},"elements":[{"from":[5.127081,6.09432,-7.1145935],"to":[7.460414,6.09432,-2.4479265],"faces":{"up":{"uv":[5.5625,6.375,5.125,5.5],"tintindex":0,"rotation":0,"texture":"#0"},"down":{"uv":[0.90625,5.53125,0.46875,6.40625],"tintindex":0,"rotation":0,"texture":"#0"}},"rotation":{"origin":[7.460414,6.09432,-4.7812605],"angle":-45.0,"axis":"z"}},{"from":[8.085414,-12.64385,-9.186462],"to":[8.085414,-8.14385,-2.0197954],"faces":{"east":{"uv":[1.3125,0.0,2.15625,1.34375],"tintindex":0,"rotation":90,"texture":"#0"},"west":{"uv":[1.3125,1.34375,2.15625,2.6875],"tintindex":0,"rotation":270,"texture":"#0"}},"rotation":{"origin":[7.7520804,-12.64385,-6.3531294],"angle":22.5,"axis":"x"}},{"from":[7.460414,7.5430036,6.7003284],"to":[8.627081,8.70967,9.700328],"faces":{"east":{"uv":[5.34375,0.625,5.90625,0.84375],"tintindex":0,"rotation":0,"texture":"#0"},"south":{"uv":[7.5,0.28125,7.71875,0.5],"tintindex":0,"rotation":0,"texture":"#0"},"north":{"uv":[7.46875,5.40625,7.6875,5.625],"tintindex":0,"rotation":0,"texture":"#0"},"west":{"uv":[7.15625,1.625,7.71875,1.84375],"tintindex":0,"rotation":0,"texture":"#0"},"up":{"uv":[4.4375,7.6875,4.21875,7.125],"tintindex":0,"rotation":0,"texture":"#0"},"down":{"uv":[4.4375,7.125,4.21875,7.6875],"tintindex":0,"rotation":0,"texture":"#0"}}},{"from":[7.960414,6.09432,-12.947926],"to":[7.960414,7.59432,-8.1145935],"faces":{"east":{"uv":[5.84375,1.125,6.75,1.40625],"tintindex":0,"rotation":0,"texture":"#0"},"west":{"uv":[6.25,1.625,7.15625,1.90625],"tintindex":0,"rotation":0,"texture":"#0"}}},{"from":[7.460414,7.5937505,-0.044549942],"to":[8.627081,8.760417,1.788784],"faces":{"east":{"uv":[3.6875,3.34375,4.03125,3.5625],"tintindex":0,"rotation":0,"texture":"#0"},"south":{"uv":[7.53125,4.125,7.75,4.34375],"tintindex":0,"rotation":0,"texture":"#0"},"north":{"uv":[7.53125,3.5,7.75,3.71875],"tintindex":0,"rotation":0,"texture":"#0"},"west":{"uv":[7.1875,5.625,7.53125,5.84375],"tintindex":0,"rotation":0,"texture":"#0"},"up":{"uv":[7.46875,7.5625,7.25,7.21875],"tintindex":0,"rotation":0,"texture":"#0"},"down":{"uv":[7.46875,7.21875,7.25,7.5625],"tintindex":0,"rotation":0,"texture":"#0"}},"rotation":{"origin":[8.460414,7.927084,6.9554505],"angle":-22.5,"axis":"x"}},{"from":[7.460414,4.9276533,-7.1145935],"to":[8.627081,6.09432,-2.4479265],"faces":{"east":{"uv":[6.5625,2.9375,7.4375,3.15625],"tintindex":0,"rotation":0,"texture":"#0"},"south":{"uv":[2.28125,7.53125,2.5,7.75],"tintindex":0,"rotation":0,"texture":"#0"},"north":{"uv":[5.0625,7.5,5.28125,7.71875],"tintindex":0,"rotation":0,"texture":"#0"},"west":{"uv":[6.75,1.125,7.625,1.34375],"tintindex":0,"rotation":0,"texture":"#0"},"up":{"uv":[5.0,7.53125,4.78125,6.65625],"tintindex":0,"rotation":0,"texture":"#0"},"down":{"uv":[5.0,6.65625,4.78125,7.53125],"tintindex":0,"rotation":0,"texture":"#0"}}},{"from":[7.627081,7.7604175,-0.044549942],"to":[8.460414,8.593751,6.9554505],"faces":{"east":{"uv":[5.25,3.65625,6.5625,3.8125],"tintindex":0,"rotation":0,"texture":"#0"},"south":{"uv":[7.625,6.59375,7.78125,6.75],"tintindex":0,"rotation":0,"texture":"#0"},"north":{"uv":[7.625,6.1875,7.78125,6.34375],"tintindex":0,"rotation":0,"texture":"#0"},"west":{"uv":[5.875,3.28125,7.1875,3.4375],"tintindex":0,"rotation":0,"texture":"#0"},"up":{"uv":[3.71875,7.40625,3.5625,6.09375],"tintindex":0,"rotation":0,"texture":"#0"},"down":{"uv":[3.71875,6.09375,3.5625,7.40625],"tintindex":0,"rotation":0,"texture":"#0"}},"rotation":{"origin":[8.460414,7.927084,6.9554505],"angle":-22.5,"axis":"x"}},{"from":[7.460414,4.9276533,-12.947926],"to":[8.627081,6.09432,-8.1145935],"faces":{"east":{"uv":[6.46875,6.1875,7.375,6.40625],"tintindex":0,"rotation":0,"texture":"#0"},"south":{"uv":[7.5,2.625,7.71875,2.84375],"tintindex":0,"rotation":0,"texture":"#0"},"north":{"uv":[7.5,1.40625,7.71875,1.625],"tintindex":0,"rotation":0,"texture":"#0"},"west":{"uv":[6.46875,6.40625,7.375,6.625],"tintindex":0,"rotation":0,"texture":"#0"},"up":{"uv":[2.78125,7.4375,2.5625,6.53125],"tintindex":0,"rotation":0,"texture":"#0"},"down":{"uv":[2.78125,6.53125,2.5625,7.4375],"tintindex":0,"rotation":0,"texture":"#0"}}},{"from":[2.7937474,5.09432,-2.2812595],"to":[7.627081,5.9276533,-1.4479256],"faces":{"east":{"uv":[3.84375,7.625,4.0,7.78125],"tintindex":0,"rotation":0,"texture":"#0"},"south":{"uv":[6.65625,2.46875,7.5625,2.625],"tintindex":0,"rotation":0,"texture":"#0"},"north":{"uv":[6.5625,3.65625,7.46875,3.8125],"tintindex":0,"rotation":0,"texture":"#0"},"west":{"uv":[4.0,7.625,4.15625,7.78125],"tintindex":0,"rotation":0,"texture":"#0"},"up":{"uv":[8.0625,0.9375,7.15625,0.78125],"tintindex":0,"rotation":0,"texture":"#0"},"down":{"uv":[8.0625,0.78125,7.15625,0.9375],"tintindex":0,"rotation":0,"texture":"#0"}}},{"from":[7.8770804,-9.572348,-12.447926],"to":[8.210414,-3.0723476,-8.947927],"faces":{"east":{"uv":[0.0,2.625,0.65625,3.84375],"tintindex":0,"rotation":0,"texture":"#0"},"south":{"uv":[5.0,6.65625,5.0625,7.875],"tintindex":0,"rotation":0,"texture":"#0"},"north":{"uv":[3.09375,6.53125,3.15625,7.75],"tintindex":0,"rotation":0,"texture":"#0"},"west":{"uv":[0.65625,2.625,1.3125,3.84375],"tintindex":0,"rotation":0,"texture":"#0"},"up":{"uv":[1.3125,4.5,1.25,3.84375],"tintindex":0,"rotation":0,"texture":"#0"},"down":{"uv":[1.09375,4.6875,1.03125,5.34375],"tintindex":0,"rotation":0,"texture":"#0"}},"rotation":{"origin":[7.8770804,-3.0723476,-12.447926],"angle":-22.5,"axis":"x"}},{"from":[7.960414,-14.24423,-9.960484],"to":[8.127081,-9.077564,-7.2938156],"faces":{"east":{"uv":[4.15625,0.84375,4.65625,1.8125],"tintindex":0,"rotation":0,"texture":"#0"},"south":{"uv":[5.53125,6.375,5.5625,7.34375],"tintindex":0,"rotation":0,"texture":"#0"},"north":{"uv":[1.0625,5.34375,1.09375,6.3125],"tintindex":0,"rotation":0,"texture":"#0"},"west":{"uv":[4.0625,4.1875,4.5625,5.15625],"tintindex":0,"rotation":0,"texture":"#0"},"up":{"uv":[2.1875,4.21875,2.15625,3.71875],"tintindex":0,"rotation":0,"texture":"#0"},"down":{"uv":[6.28125,4.59375,6.25,5.09375],"tintindex":0,"rotation":0,"texture":"#0"}},"rotation":{"origin":[7.7937474,-9.077564,-9.960484],"angle":-45.0,"axis":"x"}},{"from":[8.627081,8.376337,6.7003284],"to":[9.960414,8.376337,9.700328],"faces":{"up":{"uv":[2.28125,7.625,2.03125,7.0625],"tintindex":0,"rotation":0,"texture":"#0"},"down":{"uv":[0.25,7.1875,0.0,7.75],"tintindex":0,"rotation":0,"texture":"#0"}}},{"from":[7.627081,5.09432,-13.614592],"to":[8.460414,5.9276533,0.55207443],"faces":{"east":{"uv":[4.6875,3.84375,7.34375,4.0],"tintindex":0,"rotation":0,"texture":"#0"},"south":{"uv":[2.03125,7.625,2.1875,7.78125],"tintindex":0,"rotation":0,"texture":"#0"},"north":{"uv":[7.625,1.09375,7.78125,1.25],"tintindex":0,"rotation":0,"texture":"#0"},"west":{"uv":[4.6875,4.0,7.34375,4.15625],"tintindex":0,"rotation":0,"texture":"#0"},"up":{"uv":[1.25,6.5,1.09375,3.84375],"tintindex":0,"rotation":0,"texture":"#0"},"down":{"uv":[1.25,3.84375,1.09375,6.5],"tintindex":0,"rotation":0,"texture":"#0"}}},{"from":[7.627081,7.7096705,6.7003284],"to":[8.460414,8.543004,18.866995],"faces":{"east":{"uv":[5.21875,1.46875,7.5,1.625],"tintindex":0,"rotation":0,"texture":"#0"},"south":{"uv":[6.28125,7.59375,6.4375,7.75],"tintindex":0,"rotation":0,"texture":"#0"},"north":{"uv":[7.59375,2.1875,7.75,2.34375],"tintindex":0,"rotation":0,"texture":"#0"},"west":{"uv":[5.25,3.5,7.53125,3.65625],"tintindex":0,"rotation":0,"texture":"#0"},"up":{"uv":[1.0625,7.8125,0.90625,5.53125],"tintindex":0,"rotation":0,"texture":"#0"},"down":{"uv":[1.0625,5.53125,0.90625,7.8125],"tintindex":0,"rotation":0,"texture":"#0"}}},{"from":[7.460414,7.876337,17.53366],"to":[7.960414,8.70967,19.53366],"faces":{"east":{"uv":[6.25,0.9375,6.625,1.09375],"tintindex":0,"rotation":0,"texture":"#0"},"south":{"uv":[7.65625,3.96875,7.75,4.125],"tintindex":0,"rotation":0,"texture":"#0"},"north":{"uv":[7.65625,3.34375,7.75,3.5],"tintindex":0,"rotation":0,"texture":"#0"},"west":{"uv":[7.375,6.4375,7.75,6.59375],"tintindex":0,"rotation":0,"texture":"#0"},"up":{"uv":[7.65625,3.46875,7.5625,3.09375],"tintindex":0,"rotation":0,"texture":"#0"},"down":{"uv":[7.65625,3.09375,7.5625,3.46875],"tintindex":0,"rotation":0,"texture":"#0"}}},{"from":[7.7937474,-3.0723476,-12.447926],"to":[8.293747,4.9276533,-8.947927],"faces":{"east":{"uv":[2.15625,0.0,2.8125,1.5],"tintindex":0,"rotation":0,"texture":"#0"},"south":{"uv":[3.0,6.53125,3.09375,8.03125],"tintindex":0,"rotation":0,"texture":"#0"},"north":{"uv":[5.4375,6.375,5.53125,7.875],"tintindex":0,"rotation":0,"texture":"#0"},"west":{"uv":[2.15625,1.5,2.8125,3.0],"tintindex":0,"rotation":0,"texture":"#0"},"up":{"uv":[4.78125,7.875,4.6875,7.21875],"tintindex":0,"rotation":0,"texture":"#0"},"down":{"uv":[3.71875,7.40625,3.625,8.0625],"tintindex":0,"rotation":0,"texture":"#0"}}}],"display":{"head":{"rotation":[0.0,0.0,0.0]},"firstperson_righthand":{"rotation":[0.0,0.0,0.0]},"thirdperson_lefthand":{"rotation":[0.0,-0.0,-0.0]},"firstperson_lefthand":{"rotation":[0.0,-0.0,-0.0]},"fixed":{"rotation":[0.0,0.0,0.0]},"ground":{"rotation":[0.0,0.0,0.0]},"thirdperson_righthand":{"rotation":[0.0,0.0,0.0]},"gui":{"rotation":[-150.0,-45.0,180.0]}}}