{"textures":{"0":"modelengine:entity/scarecrow2","3":"modelengine:entity/scarecrow_swipe_fx1","5":"modelengine:entity/scarecrow_swipe_fx3","particle":"#5"},"elements":[{"from":[8.0,-8.0,-8.0],"to":[8.0,24.0,24.0],"faces":{"east":{"uv":[0.0,0.0,16.0,16.0],"tintindex":0,"rotation":270,"texture":"#5"},"west":{"uv":[0.0,16.0,16.0,0.0],"tintindex":0,"rotation":270,"texture":"#5"}}},{"from":[7.4107423,0.4714012,-3.6575956],"to":[7.744076,6.9714007,-0.15759659],"faces":{"east":{"uv":[0.0,2.625,0.65625,3.84375],"tintindex":0,"rotation":0,"texture":"#0"},"south":{"uv":[5.0,6.65625,5.0625,7.875],"tintindex":0,"rotation":0,"texture":"#0"},"north":{"uv":[3.09375,6.53125,3.15625,7.75],"tintindex":0,"rotation":0,"texture":"#0"},"west":{"uv":[0.65625,2.625,1.3125,3.84375],"tintindex":0,"rotation":0,"texture":"#0"},"up":{"uv":[1.3125,4.5,1.25,3.84375],"tintindex":0,"rotation":0,"texture":"#0"},"down":{"uv":[1.09375,4.6875,1.03125,5.34375],"tintindex":0,"rotation":0,"texture":"#0"}},"rotation":{"origin":[7.4107423,6.9714007,-3.6575956],"angle":-22.5,"axis":"x"}},{"from":[7.619076,-2.6001015,-0.39613247],"to":[7.619076,1.8998976,6.7705345],"faces":{"east":{"uv":[1.3125,0.0,2.15625,1.34375],"tintindex":0,"rotation":90,"texture":"#0"},"west":{"uv":[1.3125,1.34375,2.15625,2.6875],"tintindex":0,"rotation":270,"texture":"#0"}},"rotation":{"origin":[7.2857423,-2.6001015,2.437201],"angle":22.5,"axis":"x"}},{"from":[7.1607423,17.804165,8.74578],"to":[7.994076,18.637499,15.745781],"faces":{"east":{"uv":[5.25,3.65625,6.5625,3.8125],"tintindex":0,"rotation":0,"texture":"#0"},"south":{"uv":[7.625,6.59375,7.78125,6.75],"tintindex":0,"rotation":0,"texture":"#0"},"north":{"uv":[7.625,6.1875,7.78125,6.34375],"tintindex":0,"rotation":0,"texture":"#0"},"west":{"uv":[5.875,3.28125,7.1875,3.4375],"tintindex":0,"rotation":0,"texture":"#0"},"up":{"uv":[3.71875,7.40625,3.5625,6.09375],"tintindex":0,"rotation":0,"texture":"#0"},"down":{"uv":[3.71875,6.09375,3.5625,7.40625],"tintindex":0,"rotation":0,"texture":"#0"}},"rotation":{"origin":[7.994076,17.970833,15.745781],"angle":-22.5,"axis":"x"}},{"from":[7.1607423,15.138068,-4.8242626],"to":[7.994076,15.971401,9.342404],"faces":{"east":{"uv":[4.6875,3.84375,7.34375,4.0],"tintindex":0,"rotation":0,"texture":"#0"},"south":{"uv":[2.03125,7.625,2.1875,7.78125],"tintindex":0,"rotation":0,"texture":"#0"},"north":{"uv":[7.625,1.09375,7.78125,1.25],"tintindex":0,"rotation":0,"texture":"#0"},"west":{"uv":[4.6875,4.0,7.34375,4.15625],"tintindex":0,"rotation":0,"texture":"#0"},"up":{"uv":[1.25,6.5,1.09375,3.84375],"tintindex":0,"rotation":0,"texture":"#0"},"down":{"uv":[1.25,3.84375,1.09375,6.5],"tintindex":0,"rotation":0,"texture":"#0"}}},{"from":[7.1607423,17.753418,15.490658],"to":[7.994076,18.586752,27.657326],"faces":{"east":{"uv":[5.21875,1.46875,7.5,1.625],"tintindex":0,"rotation":0,"texture":"#0"},"south":{"uv":[6.28125,7.59375,6.4375,7.75],"tintindex":0,"rotation":0,"texture":"#0"},"north":{"uv":[7.59375,2.1875,7.75,2.34375],"tintindex":0,"rotation":0,"texture":"#0"},"west":{"uv":[5.25,3.5,7.53125,3.65625],"tintindex":0,"rotation":0,"texture":"#0"},"up":{"uv":[1.0625,7.8125,0.90625,5.53125],"tintindex":0,"rotation":0,"texture":"#0"},"down":{"uv":[1.0625,5.53125,0.90625,7.8125],"tintindex":0,"rotation":0,"texture":"#0"}}},{"from":[6.994076,17.920086,26.323992],"to":[7.494076,18.753418,28.32399],"faces":{"east":{"uv":[6.25,0.9375,6.625,1.09375],"tintindex":0,"rotation":0,"texture":"#0"},"south":{"uv":[7.65625,3.96875,7.75,4.125],"tintindex":0,"rotation":0,"texture":"#0"},"north":{"uv":[7.65625,3.34375,7.75,3.5],"tintindex":0,"rotation":0,"texture":"#0"},"west":{"uv":[7.375,6.4375,7.75,6.59375],"tintindex":0,"rotation":0,"texture":"#0"},"up":{"uv":[7.65625,3.46875,7.5625,3.09375],"tintindex":0,"rotation":0,"texture":"#0"},"down":{"uv":[7.65625,3.09375,7.5625,3.46875],"tintindex":0,"rotation":0,"texture":"#0"}}},{"from":[6.994076,14.971401,-4.1575956],"to":[8.160743,16.13807,0.6757364],"faces":{"east":{"uv":[6.46875,6.1875,7.375,6.40625],"tintindex":0,"rotation":0,"texture":"#0"},"south":{"uv":[7.5,2.625,7.71875,2.84375],"tintindex":0,"rotation":0,"texture":"#0"},"north":{"uv":[7.5,1.40625,7.71875,1.625],"tintindex":0,"rotation":0,"texture":"#0"},"west":{"uv":[6.46875,6.40625,7.375,6.625],"tintindex":0,"rotation":0,"texture":"#0"},"up":{"uv":[2.78125,7.4375,2.5625,6.53125],"tintindex":0,"rotation":0,"texture":"#0"},"down":{"uv":[2.78125,6.53125,2.5625,7.4375],"tintindex":0,"rotation":0,"texture":"#0"}}},{"from":[7.3274093,6.9714007,-3.6575956],"to":[7.8274093,14.971401,-0.15759659],"faces":{"east":{"uv":[2.15625,0.0,2.8125,1.5],"tintindex":0,"rotation":0,"texture":"#0"},"south":{"uv":[3.0,6.53125,3.09375,8.03125],"tintindex":0,"rotation":0,"texture":"#0"},"north":{"uv":[5.4375,6.375,5.53125,7.875],"tintindex":0,"rotation":0,"texture":"#0"},"west":{"uv":[2.15625,1.5,2.8125,3.0],"tintindex":0,"rotation":0,"texture":"#0"},"up":{"uv":[4.78125,7.875,4.6875,7.21875],"tintindex":0,"rotation":0,"texture":"#0"},"down":{"uv":[3.71875,7.40625,3.625,8.0625],"tintindex":0,"rotation":0,"texture":"#0"}}},{"from":[7.494076,16.13807,-4.1575956],"to":[7.494076,17.638067,0.6757364],"faces":{"east":{"uv":[5.84375,1.125,6.75,1.40625],"tintindex":0,"rotation":0,"texture":"#0"},"west":{"uv":[6.25,1.625,7.15625,1.90625],"tintindex":0,"rotation":0,"texture":"#0"}}},{"from":[7.1666665,-8.0,-8.0],"to":[7.1666665,24.0,24.0],"faces":{"east":{"uv":[0.0,0.0,16.0,16.0],"tintindex":0,"rotation":270,"texture":"#3"},"west":{"uv":[0.0,16.0,16.0,0.0],"tintindex":0,"rotation":270,"texture":"#3"}}},{"from":[8.160743,18.420086,15.490658],"to":[9.494076,18.420086,18.490658],"faces":{"up":{"uv":[2.28125,7.625,2.03125,7.0625],"tintindex":0,"rotation":0,"texture":"#0"},"down":{"uv":[0.25,7.1875,0.0,7.75],"tintindex":0,"rotation":0,"texture":"#0"}}},{"from":[4.6607423,16.13807,1.6757364],"to":[6.994076,16.13807,6.3424034],"faces":{"up":{"uv":[5.5625,6.375,5.125,5.5],"tintindex":0,"rotation":0,"texture":"#0"},"down":{"uv":[0.90625,5.53125,0.46875,6.40625],"tintindex":0,"rotation":0,"texture":"#0"}},"rotation":{"origin":[6.994076,16.13807,4.00907],"angle":-45.0,"axis":"z"}},{"from":[6.994076,17.637499,8.74578],"to":[8.160743,18.804165,10.579114],"faces":{"east":{"uv":[3.6875,3.34375,4.03125,3.5625],"tintindex":0,"rotation":0,"texture":"#0"},"south":{"uv":[7.53125,4.125,7.75,4.34375],"tintindex":0,"rotation":0,"texture":"#0"},"north":{"uv":[7.53125,3.5,7.75,3.71875],"tintindex":0,"rotation":0,"texture":"#0"},"west":{"uv":[7.1875,5.625,7.53125,5.84375],"tintindex":0,"rotation":0,"texture":"#0"},"up":{"uv":[7.46875,7.5625,7.25,7.21875],"tintindex":0,"rotation":0,"texture":"#0"},"down":{"uv":[7.46875,7.21875,7.25,7.5625],"tintindex":0,"rotation":0,"texture":"#0"}},"rotation":{"origin":[7.994076,17.970833,15.745781],"angle":-22.5,"axis":"x"}},{"from":[7.494076,-4.2004833,-1.1701536],"to":[7.6607423,0.96618366,1.4965134],"faces":{"east":{"uv":[4.15625,0.84375,4.65625,1.8125],"tintindex":0,"rotation":0,"texture":"#0"},"south":{"uv":[5.53125,6.375,5.5625,7.34375],"tintindex":0,"rotation":0,"texture":"#0"},"north":{"uv":[1.0625,5.34375,1.09375,6.3125],"tintindex":0,"rotation":0,"texture":"#0"},"west":{"uv":[4.0625,4.1875,4.5625,5.15625],"tintindex":0,"rotation":0,"texture":"#0"},"up":{"uv":[2.1875,4.21875,2.15625,3.71875],"tintindex":0,"rotation":0,"texture":"#0"},"down":{"uv":[6.28125,4.59375,6.25,5.09375],"tintindex":0,"rotation":0,"texture":"#0"}},"rotation":{"origin":[7.3274093,0.96618366,-1.1701536],"angle":-45.0,"axis":"x"}},{"from":[6.994076,14.971401,1.6757364],"to":[8.160743,16.13807,6.3424034],"faces":{"east":{"uv":[6.5625,2.9375,7.4375,3.15625],"tintindex":0,"rotation":0,"texture":"#0"},"south":{"uv":[2.28125,7.53125,2.5,7.75],"tintindex":0,"rotation":0,"texture":"#0"},"north":{"uv":[5.0625,7.5,5.28125,7.71875],"tintindex":0,"rotation":0,"texture":"#0"},"west":{"uv":[6.75,1.125,7.625,1.34375],"tintindex":0,"rotation":0,"texture":"#0"},"up":{"uv":[5.0,7.53125,4.78125,6.65625],"tintindex":0,"rotation":0,"texture":"#0"},"down":{"uv":[5.0,6.65625,4.78125,7.53125],"tintindex":0,"rotation":0,"texture":"#0"}}},{"from":[6.994076,17.586752,15.490658],"to":[8.160743,18.753418,18.490658],"faces":{"east":{"uv":[5.34375,0.625,5.90625,0.84375],"tintindex":0,"rotation":0,"texture":"#0"},"south":{"uv":[7.5,0.28125,7.71875,0.5],"tintindex":0,"rotation":0,"texture":"#0"},"north":{"uv":[7.46875,5.40625,7.6875,5.625],"tintindex":0,"rotation":0,"texture":"#0"},"west":{"uv":[7.15625,1.625,7.71875,1.84375],"tintindex":0,"rotation":0,"texture":"#0"},"up":{"uv":[4.4375,7.6875,4.21875,7.125],"tintindex":0,"rotation":0,"texture":"#0"},"down":{"uv":[4.4375,7.125,4.21875,7.6875],"tintindex":0,"rotation":0,"texture":"#0"}}},{"from":[2.3274088,15.138068,6.50907],"to":[7.1607423,15.971401,7.342404],"faces":{"east":{"uv":[3.84375,7.625,4.0,7.78125],"tintindex":0,"rotation":0,"texture":"#0"},"south":{"uv":[6.65625,2.46875,7.5625,2.625],"tintindex":0,"rotation":0,"texture":"#0"},"north":{"uv":[6.5625,3.65625,7.46875,3.8125],"tintindex":0,"rotation":0,"texture":"#0"},"west":{"uv":[4.0,7.625,4.15625,7.78125],"tintindex":0,"rotation":0,"texture":"#0"},"up":{"uv":[8.0625,0.9375,7.15625,0.78125],"tintindex":0,"rotation":0,"texture":"#0"},"down":{"uv":[8.0625,0.78125,7.15625,0.9375],"tintindex":0,"rotation":0,"texture":"#0"}}}],"display":{"head":{"rotation":[0.0,0.0,0.0]},"firstperson_righthand":{"rotation":[0.0,0.0,0.0]},"thirdperson_lefthand":{"rotation":[0.0,-0.0,-0.0]},"firstperson_lefthand":{"rotation":[0.0,-0.0,-0.0]},"fixed":{"rotation":[0.0,0.0,0.0]},"ground":{"rotation":[0.0,0.0,0.0]},"thirdperson_righthand":{"rotation":[0.0,0.0,0.0]},"gui":{"rotation":[-150.0,-45.0,180.0]}}}