{"textures":{"1":"modelengine:entity/scarecrow2_smokefx","particle":"#1"},"elements":[{"from":[4.0,3.2261033,32.0],"to":[12.0,12.773897,32.0],"faces":{"south":{"uv":[2.0,7.125,4.0,9.5],"tintindex":0,"rotation":0,"texture":"#1"},"north":{"uv":[2.0,7.125,4.0,9.5],"tintindex":0,"rotation":0,"texture":"#1"}},"rotation":{"origin":[8.0,8.0,8.0],"angle":-22.5,"axis":"x"}},{"from":[4.0,3.2261033,-16.0],"to":[12.0,12.773897,-16.0],"faces":{"south":{"uv":[0.0,0.0,2.0,2.375],"tintindex":0,"rotation":0,"texture":"#1"},"north":{"uv":[0.0,0.0,2.0,2.375],"tintindex":0,"rotation":0,"texture":"#1"}},"rotation":{"origin":[8.0,8.0,8.0],"angle":-45.0,"axis":"x"}},{"from":[4.0,3.2261033,32.0],"to":[12.0,12.773897,32.0],"faces":{"south":{"uv":[8.0,2.375,10.0,4.75],"tintindex":0,"rotation":0,"texture":"#1"},"north":{"uv":[8.0,2.375,10.0,4.75],"tintindex":0,"rotation":0,"texture":"#1"}},"rotation":{"origin":[8.0,8.0,8.0],"angle":22.5,"axis":"x"}},{"from":[4.0,3.2261033,-16.0],"to":[12.0,12.773897,-16.0],"faces":{"south":{"uv":[0.0,4.75,2.0,7.125],"tintindex":0,"rotation":0,"texture":"#1"},"north":{"uv":[0.0,4.75,2.0,7.125],"tintindex":0,"rotation":0,"texture":"#1"}},"rotation":{"origin":[8.0,8.0,8.0],"angle":22.5,"axis":"x"}},{"from":[4.0,-16.0,3.2261033],"to":[12.0,-16.0,12.773897],"faces":{"up":{"uv":[8.0,11.875,6.0,9.5],"tintindex":0,"rotation":0,"texture":"#1"},"down":{"uv":[8.0,9.5,6.0,11.875],"tintindex":0,"rotation":0,"texture":"#1"}}},{"from":[4.0,3.2261033,-16.0],"to":[12.0,12.773897,-16.0],"faces":{"south":{"uv":[4.0,4.75,6.0,7.125],"tintindex":0,"rotation":0,"texture":"#1"},"north":{"uv":[4.0,4.75,6.0,7.125],"tintindex":0,"rotation":0,"texture":"#1"}},"rotation":{"origin":[8.0,8.0,8.0],"angle":45.0,"axis":"x"}},{"from":[4.0,3.2261033,32.0],"to":[12.0,12.773897,32.0],"faces":{"south":{"uv":[6.0,7.125,8.0,9.5],"tintindex":0,"rotation":0,"texture":"#1"},"north":{"uv":[6.0,7.125,8.0,9.5],"tintindex":0,"rotation":0,"texture":"#1"}}},{"from":[4.0,-16.0,3.2261033],"to":[12.0,-16.0,12.773897],"faces":{"up":{"uv":[4.0,11.875,2.0,9.5],"tintindex":0,"rotation":0,"texture":"#1"},"down":{"uv":[4.0,9.5,2.0,11.875],"tintindex":0,"rotation":0,"texture":"#1"}},"rotation":{"origin":[8.0,8.0,8.0],"angle":-22.5,"axis":"x"}},{"from":[4.0,3.2261033,32.0],"to":[12.0,12.773897,32.0],"faces":{"south":{"uv":[6.0,4.75,8.0,7.125],"tintindex":0,"rotation":0,"texture":"#1"},"north":{"uv":[6.0,4.75,8.0,7.125],"tintindex":0,"rotation":0,"texture":"#1"}},"rotation":{"origin":[8.0,8.0,8.0],"angle":-45.0,"axis":"x"}},{"from":[4.0,3.2261033,32.0],"to":[12.0,12.773897,32.0],"faces":{"south":{"uv":[8.0,7.125,10.0,9.5],"tintindex":0,"rotation":0,"texture":"#1"},"north":{"uv":[8.0,7.125,10.0,9.5],"tintindex":0,"rotation":0,"texture":"#1"}},"rotation":{"origin":[8.0,8.0,8.0],"angle":45.0,"axis":"x"}},{"from":[4.0,32.0,3.2261033],"to":[12.0,32.0,12.773897],"faces":{"up":{"uv":[2.0,14.25,0.0,11.875],"tintindex":0,"rotation":0,"texture":"#1"},"down":{"uv":[2.0,11.875,0.0,14.25],"tintindex":0,"rotation":0,"texture":"#1"}},"rotation":{"origin":[8.0,8.0,8.0],"angle":22.5,"axis":"x"}},{"from":[4.0,32.0,3.2261033],"to":[12.0,32.0,12.773897],"faces":{"up":{"uv":[12.0,4.75,10.0,2.375],"tintindex":0,"rotation":0,"texture":"#1"},"down":{"uv":[12.0,2.375,10.0,4.75],"tintindex":0,"rotation":0,"texture":"#1"}},"rotation":{"origin":[8.0,8.0,8.0],"angle":-22.5,"axis":"x"}},{"from":[4.0,32.0,3.2261033],"to":[12.0,32.0,12.773897],"faces":{"up":{"uv":[12.0,9.5,10.0,7.125],"tintindex":0,"rotation":0,"texture":"#1"},"down":{"uv":[12.0,7.125,10.0,9.5],"tintindex":0,"rotation":0,"texture":"#1"}}},{"from":[4.0,3.2261033,-16.0],"to":[12.0,12.773897,-16.0],"faces":{"south":{"uv":[0.0,2.375,2.0,4.75],"tintindex":0,"rotation":0,"texture":"#1"},"north":{"uv":[0.0,2.375,2.0,4.75],"tintindex":0,"rotation":0,"texture":"#1"}},"rotation":{"origin":[8.0,8.0,8.0],"angle":-22.5,"axis":"x"}},{"from":[4.0,-16.0,3.2261033],"to":[12.0,-16.0,12.773897],"faces":{"up":{"uv":[12.0,2.375,10.0,0.0],"tintindex":0,"rotation":0,"texture":"#1"},"down":{"uv":[12.0,0.0,10.0,2.375],"tintindex":0,"rotation":0,"texture":"#1"}},"rotation":{"origin":[8.0,8.0,8.0],"angle":22.5,"axis":"x"}},{"from":[4.0,3.2261033,-16.0],"to":[12.0,12.773897,-16.0],"faces":{"south":{"uv":[4.0,0.0,6.0,2.375],"tintindex":0,"rotation":0,"texture":"#1"},"north":{"uv":[4.0,0.0,6.0,2.375],"tintindex":0,"rotation":0,"texture":"#1"}}}],"display":{"head":{"rotation":[0.0,0.0,0.0]},"firstperson_righthand":{"rotation":[0.0,0.0,0.0]},"thirdperson_lefthand":{"rotation":[0.0,-0.0,-0.0]},"firstperson_lefthand":{"rotation":[0.0,-0.0,-0.0]},"fixed":{"rotation":[0.0,0.0,0.0]},"ground":{"rotation":[0.0,0.0,0.0]},"thirdperson_righthand":{"rotation":[0.0,0.0,0.0]},"gui":{"rotation":[-150.0,-45.0,180.0]}}}