{"textures":{"0":"modelengine:entity/zc_impaler","particle":"#0"},"elements":[{"from":[10.0,4.303301,-3.8128157],"to":[12.0,8.303301,-3.8128157],"faces":{"south":{"uv":[9.375,0.0,9.625,0.5],"tintindex":0,"rotation":0,"texture":"#0"},"north":{"uv":[0.0,9.375,0.25,9.875],"tintindex":0,"rotation":0,"texture":"#0"}},"rotation":{"origin":[11.0,6.303301,8.187184],"angle":-45.0,"axis":"x"}},{"from":[7.0,1.8180199,-4.540737],"to":[9.0,4.81802,-3.5407372],"faces":{"east":{"uv":[2.625,5.125,2.75,5.5],"tintindex":0,"rotation":0,"texture":"#0"},"south":{"uv":[7.25,7.625,7.5,8.0],"tintindex":0,"rotation":0,"texture":"#0"},"north":{"uv":[7.25,2.5,7.5,2.875],"tintindex":0,"rotation":0,"texture":"#0"},"west":{"uv":[5.25,3.125,5.375,3.5],"tintindex":0,"rotation":0,"texture":"#0"},"up":{"uv":[5.25,2.625,5.0,2.5],"tintindex":0,"rotation":0,"texture":"#0"},"down":{"uv":[5.875,1.125,5.625,1.25],"tintindex":0,"rotation":0,"texture":"#0"}},"rotation":{"origin":[-10.0,-2.181981,-4.540737],"angle":45.0,"axis":"x"}},{"from":[6.0,-5.266567,3.10435],"to":[10.0,7.733433,7.10435],"faces":{"east":{"uv":[2.625,6.5,3.125,8.125],"tintindex":0,"rotation":0,"texture":"#0"},"south":{"uv":[3.125,6.5,3.625,8.125],"tintindex":0,"rotation":0,"texture":"#0"},"north":{"uv":[2.125,5.125,2.625,6.75],"tintindex":0,"rotation":0,"texture":"#0"},"west":{"uv":[3.625,6.5,4.125,8.125],"tintindex":0,"rotation":0,"texture":"#0"},"up":{"uv":[6.25,5.625,5.75,5.125],"tintindex":0,"rotation":0,"texture":"#0"},"down":{"uv":[9.5,1.25,9.0,1.75],"tintindex":0,"rotation":0,"texture":"#0"}},"rotation":{"origin":[15.5,4.297056,2.5052314],"angle":45.0,"axis":"x"}},{"from":[2.0,8.131727,-12.812817],"to":[7.0,8.131727,-2.8128157],"faces":{"up":{"uv":[5.75,7.875,5.125,6.625],"tintindex":0,"rotation":0,"texture":"#0"},"down":{"uv":[2.5,6.75,1.875,8.0],"tintindex":0,"rotation":0,"texture":"#0"}},"rotation":{"origin":[7.0,9.131727,8.187184],"angle":-45.0,"axis":"x"}},{"from":[6.5,7.733433,3.60435],"to":[9.5,13.733433,6.60435],"faces":{"east":{"uv":[8.75,5.25,9.125,6.0],"tintindex":0,"rotation":0,"texture":"#0"},"south":{"uv":[5.5,8.75,5.875,9.5],"tintindex":0,"rotation":0,"texture":"#0"},"north":{"uv":[1.5,8.75,1.875,9.5],"tintindex":0,"rotation":0,"texture":"#0"},"west":{"uv":[5.875,8.75,6.25,9.5],"tintindex":0,"rotation":0,"texture":"#0"},"up":{"uv":[9.5,8.875,9.125,8.5],"tintindex":0,"rotation":0,"texture":"#0"},"down":{"uv":[9.5,8.875,9.125,9.25],"tintindex":0,"rotation":0,"texture":"#0"}},"rotation":{"origin":[15.5,4.297056,2.5052314],"angle":45.0,"axis":"x"}},{"from":[4.0,3.0606594,-2.2270288],"to":[6.0,3.0606594,6.772971],"faces":{"up":{"uv":[7.25,10.0,7.0,8.875],"tintindex":0,"rotation":0,"texture":"#0"},"down":{"uv":[8.625,8.875,8.375,10.0],"tintindex":0,"rotation":0,"texture":"#0"}},"rotation":{"origin":[7.0,2.0606594,6.772971],"angle":-45.0,"axis":"x"}},{"from":[8.0,-8.4748745,-5.8336306],"to":[8.0,2.5251255,4.1663694],"faces":{"east":{"uv":[3.75,1.25,5.0,2.625],"tintindex":0,"rotation":0,"texture":"#0"},"west":{"uv":[1.5,3.75,2.75,5.125],"tintindex":0,"rotation":0,"texture":"#0"}},"rotation":{"origin":[8.0,-1.4748745,-3.8336306],"angle":45.0,"axis":"x"}}],"display":{"head":{"rotation":[0.0,0.0,0.0]},"firstperson_righthand":{"rotation":[0.0,0.0,0.0]},"thirdperson_lefthand":{"rotation":[0.0,-0.0,-0.0]},"firstperson_lefthand":{"rotation":[0.0,-0.0,-0.0]},"fixed":{"rotation":[0.0,0.0,0.0]},"ground":{"rotation":[0.0,0.0,0.0]},"thirdperson_righthand":{"rotation":[0.0,0.0,0.0]},"gui":{"rotation":[-150.0,-45.0,180.0]}}}