{"textures":{"0":"modelengine:entity/zc_impaler","particle":"#0"},"elements":[{"from":[5.0,-0.0845871,7.8950872],"to":[8.0,8.915413,10.895087],"faces":{"east":{"uv":[7.25,8.0,7.625,9.125],"tintindex":0,"rotation":0,"texture":"#0"},"south":{"uv":[7.625,8.0,8.0,9.125],"tintindex":0,"rotation":0,"texture":"#0"},"north":{"uv":[8.0,3.25,8.375,4.375],"tintindex":0,"rotation":0,"texture":"#0"},"west":{"uv":[8.0,8.0,8.375,9.125],"tintindex":0,"rotation":0,"texture":"#0"},"up":{"uv":[9.5,8.125,9.125,7.75],"tintindex":0,"rotation":0,"texture":"#0"},"down":{"uv":[9.5,8.125,9.125,8.5],"tintindex":0,"rotation":0,"texture":"#0"}},"rotation":{"origin":[6.5,6.415413,7.3950872],"angle":-45.0,"axis":"x"}}],"display":{"head":{"rotation":[0.0,0.0,0.0]},"firstperson_righthand":{"rotation":[0.0,0.0,0.0]},"thirdperson_lefthand":{"rotation":[0.0,-0.0,-0.0]},"firstperson_lefthand":{"rotation":[0.0,-0.0,-0.0]},"fixed":{"rotation":[0.0,0.0,0.0]},"ground":{"rotation":[0.0,0.0,0.0]},"thirdperson_righthand":{"rotation":[0.0,0.0,0.0]},"gui":{"rotation":[-150.0,-45.0,180.0]}}}