{"textures":{"0":"modelengine:entity/zc_impaler","particle":"#0"},"elements":[{"from":[6.525,0.77159166,4.0718613],"to":[9.475,10.771592,7.0718613],"faces":{"east":{"uv":[6.5,7.625,6.875,8.875],"tintindex":0,"rotation":0,"texture":"#0"},"south":{"uv":[6.875,7.625,7.25,8.875],"tintindex":0,"rotation":0,"texture":"#0"},"north":{"uv":[7.625,3.25,8.0,4.5],"tintindex":0,"rotation":0,"texture":"#0"},"west":{"uv":[7.875,2.0,8.25,3.25],"tintindex":0,"rotation":0,"texture":"#0"},"up":{"uv":[9.625,4.5,9.25,4.125],"tintindex":0,"rotation":0,"texture":"#0"},"down":{"uv":[9.625,4.5,9.25,4.875],"tintindex":0,"rotation":0,"texture":"#0"}},"rotation":{"origin":[5.005,16.016674,12.239128],"angle":-22.5,"axis":"x"}}],"display":{"head":{"rotation":[0.0,0.0,0.0]},"firstperson_righthand":{"rotation":[0.0,0.0,0.0]},"thirdperson_lefthand":{"rotation":[0.0,-0.0,-0.0]},"firstperson_lefthand":{"rotation":[0.0,-0.0,-0.0]},"fixed":{"rotation":[0.0,0.0,0.0]},"ground":{"rotation":[0.0,0.0,0.0]},"thirdperson_righthand":{"rotation":[0.0,0.0,0.0]},"gui":{"rotation":[-150.0,-45.0,180.0]}}}