{"textures":{"1":"modelengine:entity/ds_phase1_props","particle":"#1"},"elements":[{"from":[8.0,7.75,4.75],"to":[8.0,8.5,5.25],"faces":{"east":{"uv":[12.0,4.5,12.25,4.75],"tintindex":0,"rotation":0,"texture":"#1"},"west":{"uv":[12.0,4.75,12.25,5.0],"tintindex":0,"rotation":0,"texture":"#1"}}},{"from":[7.875,7.5,5.25],"to":[8.125,8.5,8.25],"faces":{"east":{"uv":[11.75,3.0,12.5,3.25],"tintindex":0,"rotation":0,"texture":"#1"},"south":{"uv":[12.0,4.25,12.25,4.5],"tintindex":0,"rotation":0,"texture":"#1"},"north":{"uv":[10.25,11.75,10.5,12.0],"tintindex":0,"rotation":0,"texture":"#1"},"west":{"uv":[11.75,3.25,12.5,3.5],"tintindex":0,"rotation":0,"texture":"#1"},"up":{"uv":[2.5,9.0,2.25,8.25],"tintindex":0,"rotation":0,"texture":"#1"},"down":{"uv":[2.25,10.25,2.0,11.0],"tintindex":0,"rotation":0,"texture":"#1"}}},{"from":[7.75,7.5,8.25],"to":[8.25,8.5,10.25],"faces":{"east":{"uv":[7.0,9.75,7.5,10.0],"tintindex":0,"rotation":0,"texture":"#1"},"south":{"uv":[11.25,3.75,11.5,4.0],"tintindex":0,"rotation":0,"texture":"#1"},"north":{"uv":[11.0,3.75,11.25,4.0],"tintindex":0,"rotation":0,"texture":"#1"},"west":{"uv":[11.0,3.5,11.5,3.75],"tintindex":0,"rotation":0,"texture":"#1"},"up":{"uv":[2.5,9.5,2.25,9.0],"tintindex":0,"rotation":0,"texture":"#1"},"down":{"uv":[2.25,11.0,2.0,11.5],"tintindex":0,"rotation":0,"texture":"#1"}}}],"display":{"head":{"rotation":[0.0,0.0,0.0]},"firstperson_righthand":{"rotation":[0.0,0.0,0.0]},"thirdperson_lefthand":{"rotation":[0.0,-0.0,-0.0]},"firstperson_lefthand":{"rotation":[0.0,-0.0,-0.0]},"fixed":{"rotation":[0.0,0.0,0.0]},"ground":{"rotation":[0.0,0.0,0.0]},"thirdperson_righthand":{"rotation":[0.0,0.0,0.0]},"gui":{"rotation":[-150.0,-45.0,180.0]}}}