{"textures":{"0":"modelengine:entity/ds_duke_snipperjack_ne","particle":"#0"},"elements":[{"from":[7.0,-7.0,7.0],"to":[9.0,8.0,9.0],"faces":{"east":{"uv":[2.5,7.375,2.75,9.25],"tintindex":0,"rotation":0,"texture":"#0"},"south":{"uv":[7.375,7.875,7.625,9.75],"tintindex":0,"rotation":0,"texture":"#0"},"north":{"uv":[0.625,7.125,0.875,9.0],"tintindex":0,"rotation":0,"texture":"#0"},"west":{"uv":[7.625,8.0,7.875,9.875],"tintindex":0,"rotation":0,"texture":"#0"},"up":{"uv":[4.75,4.375,4.5,4.125],"tintindex":0,"rotation":0,"texture":"#0"},"down":{"uv":[2.5,5.0,2.25,5.25],"tintindex":0,"rotation":0,"texture":"#0"}}}],"display":{"head":{"rotation":[0.0,0.0,0.0]},"firstperson_righthand":{"rotation":[0.0,0.0,0.0]},"thirdperson_lefthand":{"rotation":[0.0,-0.0,-0.0]},"firstperson_lefthand":{"rotation":[0.0,-0.0,-0.0]},"fixed":{"rotation":[0.0,0.0,0.0]},"ground":{"rotation":[0.0,0.0,0.0]},"thirdperson_righthand":{"rotation":[0.0,0.0,0.0]},"gui":{"rotation":[-150.0,-45.0,180.0]}}}