{"textures":{"1":"modelengine:entity/ds_phase1_props","particle":"#1"},"elements":[{"from":[3.0,6.0,8.0],"to":[13.0,10.0,8.0],"faces":{"south":{"uv":[10.5,11.0,13.0,12.0],"tintindex":0,"rotation":0,"texture":"#1"},"north":{"uv":[10.5,10.0,13.0,11.0],"tintindex":0,"rotation":0,"texture":"#1"}}}],"display":{"head":{"rotation":[0.0,0.0,0.0]},"firstperson_righthand":{"rotation":[0.0,0.0,0.0]},"thirdperson_lefthand":{"rotation":[0.0,-0.0,-0.0]},"firstperson_lefthand":{"rotation":[0.0,-0.0,-0.0]},"fixed":{"rotation":[0.0,0.0,0.0]},"ground":{"rotation":[0.0,0.0,0.0]},"thirdperson_righthand":{"rotation":[0.0,0.0,0.0]},"gui":{"rotation":[-150.0,-45.0,180.0]}}}