{"textures":{"1":"modelengine:entity/ds_phase1_props","particle":"#1"},"elements":[{"from":[14.0,8.25,6.5],"to":[14.0,11.25,9.5],"faces":{"east":{"uv":[12.0,7.5,12.75,8.25],"tintindex":0,"rotation":0,"texture":"#1"},"west":{"uv":[10.25,12.0,11.0,12.75],"tintindex":0,"rotation":0,"texture":"#1"}},"rotation":{"origin":[13.0,8.25,8.0],"angle":-22.5,"axis":"z"}},{"from":[11.0,7.75,6.5],"to":[14.0,8.25,9.5],"faces":{"east":{"uv":[11.75,12.0,12.5,12.25],"tintindex":0,"rotation":0,"texture":"#1"},"south":{"uv":[0.0,12.25,0.75,12.5],"tintindex":0,"rotation":0,"texture":"#1"},"north":{"uv":[11.0,12.0,11.75,12.25],"tintindex":0,"rotation":0,"texture":"#1"},"west":{"uv":[12.25,0.0,13.0,0.25],"tintindex":0,"rotation":0,"texture":"#1"},"up":{"uv":[12.75,6.75,12.0,6.0],"tintindex":0,"rotation":0,"texture":"#1"},"down":{"uv":[12.75,6.75,12.0,7.5],"tintindex":0,"rotation":0,"texture":"#1"}}},{"from":[8.0,7.75,8.0],"to":[11.0,8.25,8.0],"faces":{"south":{"uv":[12.0,8.5,12.75,8.75],"tintindex":0,"rotation":0,"texture":"#1"},"north":{"uv":[12.0,8.25,12.75,8.5],"tintindex":0,"rotation":0,"texture":"#1"}}}],"display":{"head":{"rotation":[0.0,0.0,0.0]},"firstperson_righthand":{"rotation":[0.0,0.0,0.0]},"thirdperson_lefthand":{"rotation":[0.0,-0.0,-0.0]},"firstperson_lefthand":{"rotation":[0.0,-0.0,-0.0]},"fixed":{"rotation":[0.0,0.0,0.0]},"ground":{"rotation":[0.0,0.0,0.0]},"thirdperson_righthand":{"rotation":[0.0,0.0,0.0]},"gui":{"rotation":[-150.0,-45.0,180.0]}}}