{"textures":{"1":"modelengine:entity/ds_phase1_props","particle":"#1"},"elements":[{"from":[12.0,12.0,7.0],"to":[14.0,18.0,9.0],"faces":{"east":{"uv":[7.5,11.75,8.0,13.25],"tintindex":0,"rotation":0,"texture":"#1"},"south":{"uv":[8.0,11.75,8.5,13.25],"tintindex":0,"rotation":0,"texture":"#1"},"north":{"uv":[2.5,6.0,3.0,7.5],"tintindex":0,"rotation":0,"texture":"#1"},"west":{"uv":[8.5,11.75,9.0,13.25],"tintindex":0,"rotation":0,"texture":"#1"},"up":{"uv":[10.5,4.0,10.0,3.5],"tintindex":0,"rotation":0,"texture":"#1"},"down":{"uv":[11.0,3.5,10.5,4.0],"tintindex":0,"rotation":0,"texture":"#1"}}},{"from":[2.0,3.0,14.0],"to":[14.0,4.0,14.0],"faces":{"south":{"uv":[11.75,2.25,14.75,2.5],"tintindex":0,"rotation":0,"texture":"#1"},"north":{"uv":[11.5,9.75,14.5,10.0],"tintindex":0,"rotation":0,"texture":"#1"}}},{"from":[4.0,12.0,6.0],"to":[12.0,27.0,10.0],"faces":{"east":{"uv":[5.0,8.75,6.0,12.5],"tintindex":0,"rotation":0,"texture":"#1"},"south":{"uv":[3.0,3.75,5.0,7.5],"tintindex":0,"rotation":0,"texture":"#1"},"north":{"uv":[3.0,0.0,5.0,3.75],"tintindex":0,"rotation":0,"texture":"#1"},"west":{"uv":[6.0,8.75,7.0,12.5],"tintindex":0,"rotation":0,"texture":"#1"},"up":{"uv":[2.0,11.25,0.0,10.25],"tintindex":0,"rotation":0,"texture":"#1"},"down":{"uv":[2.0,11.25,0.0,12.25],"tintindex":0,"rotation":0,"texture":"#1"}}},{"from":[2.0,3.0,2.0],"to":[2.0,4.0,14.0],"faces":{"east":{"uv":[11.75,2.5,14.75,2.75],"tintindex":0,"rotation":0,"texture":"#1"},"west":{"uv":[11.75,2.75,14.75,3.0],"tintindex":0,"rotation":0,"texture":"#1"}}},{"from":[14.0,3.0,2.0],"to":[14.0,4.0,14.0],"faces":{"east":{"uv":[11.5,9.25,14.5,9.5],"tintindex":0,"rotation":0,"texture":"#1"},"west":{"uv":[11.5,9.5,14.5,9.75],"tintindex":0,"rotation":0,"texture":"#1"}}},{"from":[2.0,3.0,2.0],"to":[14.0,4.0,2.0],"faces":{"south":{"uv":[11.5,9.0,14.5,9.25],"tintindex":0,"rotation":0,"texture":"#1"},"north":{"uv":[11.5,8.75,14.5,9.0],"tintindex":0,"rotation":0,"texture":"#1"}}},{"from":[4.5,12.0,6.5],"to":[11.5,19.0,9.5],"faces":{"east":{"uv":[4.0,9.5,4.75,11.25],"tintindex":0,"rotation":0,"texture":"#1"},"south":{"uv":[10.0,1.75,11.75,3.5],"tintindex":0,"rotation":0,"texture":"#1"},"north":{"uv":[10.0,0.0,11.75,1.75],"tintindex":0,"rotation":0,"texture":"#1"},"west":{"uv":[4.0,11.25,4.75,13.0],"tintindex":0,"rotation":0,"texture":"#1"},"up":{"uv":[3.75,12.25,2.0,11.5],"tintindex":0,"rotation":0,"texture":"#1"},"down":{"uv":[13.25,3.5,11.5,4.25],"tintindex":0,"rotation":0,"texture":"#1"}}},{"from":[12.5,13.0,7.5],"to":[13.5,21.0,8.5],"faces":{"east":{"uv":[9.5,11.75,9.75,13.75],"tintindex":0,"rotation":0,"texture":"#1"},"south":{"uv":[9.75,11.75,10.0,13.75],"tintindex":0,"rotation":0,"texture":"#1"},"north":{"uv":[9.25,11.75,9.5,13.75],"tintindex":0,"rotation":0,"texture":"#1"},"west":{"uv":[10.0,11.75,10.25,13.75],"tintindex":0,"rotation":0,"texture":"#1"},"up":{"uv":[12.25,5.75,12.0,5.5],"tintindex":0,"rotation":0,"texture":"#1"},"down":{"uv":[12.25,5.75,12.0,6.0],"tintindex":0,"rotation":0,"texture":"#1"}}},{"from":[2.5,13.0,7.5],"to":[3.5,21.0,8.5],"faces":{"east":{"uv":[3.75,11.5,4.0,13.5],"tintindex":0,"rotation":0,"texture":"#1"},"south":{"uv":[4.75,11.5,5.0,13.5],"tintindex":0,"rotation":0,"texture":"#1"},"north":{"uv":[4.75,9.5,5.0,11.5],"tintindex":0,"rotation":0,"texture":"#1"},"west":{"uv":[9.0,11.75,9.25,13.75],"tintindex":0,"rotation":0,"texture":"#1"},"up":{"uv":[12.25,5.25,12.0,5.0],"tintindex":0,"rotation":0,"texture":"#1"},"down":{"uv":[12.25,5.25,12.0,5.5],"tintindex":0,"rotation":0,"texture":"#1"}}},{"from":[2.0,3.9899998,2.0],"to":[14.0,3.9899998,14.0],"faces":{"up":{"uv":[3.0,3.0,0.0,0.0],"tintindex":0,"rotation":0,"texture":"#1"},"down":{"uv":[3.0,3.0,0.0,6.0],"tintindex":0,"rotation":0,"texture":"#1"}}},{"from":[3.25,4.25,3.75],"to":[12.75,11.75,12.25],"faces":{"east":{"uv":[7.5,8.0,9.75,10.0],"tintindex":0,"rotation":0,"texture":"#1"},"south":{"uv":[2.5,7.5,5.0,9.5],"tintindex":0,"rotation":0,"texture":"#1"},"north":{"uv":[7.5,2.0,10.0,4.0],"tintindex":0,"rotation":0,"texture":"#1"},"west":{"uv":[0.0,8.25,2.25,10.25],"tintindex":0,"rotation":0,"texture":"#1"},"up":{"uv":[7.5,6.75,5.0,4.5],"tintindex":0,"rotation":0,"texture":"#1"},"down":{"uv":[2.5,6.0,0.0,8.25],"tintindex":0,"rotation":0,"texture":"#1"}}},{"from":[4.5,-3.9899998,4.5],"to":[11.5,4.01,11.5],"faces":{"east":{"uv":[9.75,4.0,11.5,6.0],"tintindex":0,"rotation":0,"texture":"#1"},"south":{"uv":[9.75,6.0,11.5,8.0],"tintindex":0,"rotation":0,"texture":"#1"},"north":{"uv":[2.25,9.5,4.0,11.5],"tintindex":0,"rotation":0,"texture":"#1"},"west":{"uv":[9.75,8.0,11.5,10.0],"tintindex":0,"rotation":0,"texture":"#1"},"up":{"uv":[8.75,11.75,7.0,10.0],"tintindex":0,"rotation":0,"texture":"#1"},"down":{"uv":[10.5,10.0,8.75,11.75],"tintindex":0,"rotation":0,"texture":"#1"}}},{"from":[2.0,12.0,7.0],"to":[4.0,21.0,9.0],"faces":{"east":{"uv":[11.5,6.5,12.0,8.75],"tintindex":0,"rotation":0,"texture":"#1"},"south":{"uv":[11.75,0.0,12.25,2.25],"tintindex":0,"rotation":0,"texture":"#1"},"north":{"uv":[11.5,4.25,12.0,6.5],"tintindex":0,"rotation":0,"texture":"#1"},"west":{"uv":[7.0,11.75,7.5,14.0],"tintindex":0,"rotation":0,"texture":"#1"},"up":{"uv":[7.5,9.25,7.0,8.75],"tintindex":0,"rotation":0,"texture":"#1"},"down":{"uv":[7.5,9.25,7.0,9.75],"tintindex":0,"rotation":0,"texture":"#1"}}},{"from":[3.0,4.0,3.5],"to":[13.0,12.0,12.5],"faces":{"east":{"uv":[7.5,4.0,9.75,6.0],"tintindex":0,"rotation":0,"texture":"#1"},"south":{"uv":[7.5,0.0,10.0,2.0],"tintindex":0,"rotation":0,"texture":"#1"},"north":{"uv":[5.0,6.75,7.5,8.75],"tintindex":0,"rotation":0,"texture":"#1"},"west":{"uv":[7.5,6.0,9.75,8.0],"tintindex":0,"rotation":0,"texture":"#1"},"up":{"uv":[7.5,2.25,5.0,0.0],"tintindex":0,"rotation":0,"texture":"#1"},"down":{"uv":[7.5,2.25,5.0,4.5],"tintindex":0,"rotation":0,"texture":"#1"}}}],"display":{"head":{"rotation":[0.0,0.0,0.0]},"firstperson_righthand":{"rotation":[0.0,0.0,0.0]},"thirdperson_lefthand":{"rotation":[0.0,-0.0,-0.0]},"firstperson_lefthand":{"rotation":[0.0,-0.0,-0.0]},"fixed":{"rotation":[0.0,0.0,0.0]},"ground":{"rotation":[0.0,0.0,0.0]},"thirdperson_righthand":{"rotation":[0.0,0.0,0.0]},"gui":{"rotation":[-150.0,-45.0,180.0]}}}