{"textures":{"0":"modelengine:entity/ds_duke_snipperjack_ne","particle":"#0"},"elements":[{"from":[6.5,-4.0,6.5],"to":[9.5,8.0,9.5],"faces":{"east":{"uv":[3.125,7.875,3.5,9.375],"tintindex":0,"rotation":0,"texture":"#0"},"south":{"uv":[3.5,7.875,3.875,9.375],"tintindex":0,"rotation":0,"texture":"#0"},"north":{"uv":[7.875,2.5,8.25,4.0],"tintindex":0,"rotation":0,"texture":"#0"},"west":{"uv":[3.875,7.875,4.25,9.375],"tintindex":0,"rotation":0,"texture":"#0"},"up":{"uv":[2.875,4.375,2.5,4.0],"tintindex":0,"rotation":0,"texture":"#0"},"down":{"uv":[3.25,4.0,2.875,4.375],"tintindex":0,"rotation":0,"texture":"#0"}}}],"display":{"head":{"rotation":[0.0,0.0,0.0]},"firstperson_righthand":{"rotation":[0.0,0.0,0.0]},"thirdperson_lefthand":{"rotation":[0.0,-0.0,-0.0]},"firstperson_lefthand":{"rotation":[0.0,-0.0,-0.0]},"fixed":{"rotation":[0.0,0.0,0.0]},"ground":{"rotation":[0.0,0.0,0.0]},"thirdperson_righthand":{"rotation":[0.0,0.0,0.0]},"gui":{"rotation":[-150.0,-45.0,180.0]}}}