{"textures":{"0":"modelengine:entity/ds_duke_snipperjack_ne","particle":"#0"},"elements":[{"from":[7.0,-7.0,7.0],"to":[9.0,8.0,9.0],"faces":{"east":{"uv":[0.875,8.125,1.125,10.0],"tintindex":0,"rotation":0,"texture":"#0"},"south":{"uv":[1.125,8.125,1.375,10.0],"tintindex":0,"rotation":0,"texture":"#0"},"north":{"uv":[7.875,8.0,8.125,9.875],"tintindex":0,"rotation":0,"texture":"#0"},"west":{"uv":[8.125,8.0,8.375,9.875],"tintindex":0,"rotation":0,"texture":"#0"},"up":{"uv":[7.875,2.75,7.625,2.5],"tintindex":0,"rotation":0,"texture":"#0"},"down":{"uv":[7.875,2.75,7.625,3.0],"tintindex":0,"rotation":0,"texture":"#0"}}}],"display":{"head":{"rotation":[0.0,0.0,0.0]},"firstperson_righthand":{"rotation":[0.0,0.0,0.0]},"thirdperson_lefthand":{"rotation":[0.0,-0.0,-0.0]},"firstperson_lefthand":{"rotation":[0.0,-0.0,-0.0]},"fixed":{"rotation":[0.0,0.0,0.0]},"ground":{"rotation":[0.0,0.0,0.0]},"thirdperson_righthand":{"rotation":[0.0,0.0,0.0]},"gui":{"rotation":[-150.0,-45.0,180.0]}}}