{"textures":{"0":"modelengine:entity/ds_duke_snipperjack_ne","particle":"#0"},"elements":[{"from":[7.0,6.0,5.1],"to":[9.0,8.0,9.0],"faces":{"east":{"uv":[8.875,0.875,9.375,1.125],"tintindex":0,"rotation":0,"texture":"#0"},"south":{"uv":[8.875,3.75,9.125,4.0],"tintindex":0,"rotation":0,"texture":"#0"},"north":{"uv":[8.875,3.5,9.125,3.75],"tintindex":0,"rotation":0,"texture":"#0"},"west":{"uv":[8.875,1.125,9.375,1.375],"tintindex":0,"rotation":0,"texture":"#0"},"up":{"uv":[1.25,5.625,1.0,5.125],"tintindex":0,"rotation":0,"texture":"#0"},"down":{"uv":[1.25,5.625,1.0,6.125],"tintindex":0,"rotation":0,"texture":"#0"}}}],"display":{"head":{"rotation":[0.0,0.0,0.0]},"firstperson_righthand":{"rotation":[0.0,0.0,0.0]},"thirdperson_lefthand":{"rotation":[0.0,-0.0,-0.0]},"firstperson_lefthand":{"rotation":[0.0,-0.0,-0.0]},"fixed":{"rotation":[0.0,0.0,0.0]},"ground":{"rotation":[0.0,0.0,0.0]},"thirdperson_righthand":{"rotation":[0.0,0.0,0.0]},"gui":{"rotation":[-150.0,-45.0,180.0]}}}