{
    "candy_gib": {
        "sounds": [
            "littleroom_pumpkinking:candy_gib"
        ]
    },
    "death": {
        "sounds": [
            "littleroom_pumpkinking:death"
        ]
    },
    "laugh": {
        "sounds": [
            "littleroom_pumpkinking:laugh_1",
            "littleroom_pumpkinking:laugh_2",
            "littleroom_pumpkinking:laugh_3"
        ]
    },
    "swing": {
        "sounds": [
            "littleroom_pumpkinking:swing_1",
            "littleroom_pumpkinking:swing_2"
        ]
    },
    "teleport": {
        "sounds": [
            "littleroom_pumpkinking:teleport"
        ]
    },
    "tombstone": {
        "sounds": [
            "littleroom_pumpkinking:tombstone"
        ]
    },
    "grunt": {
        "sounds": [
            "littleroom_pumpkinking:grunt_1",
            "littleroom_pumpkinking:grunt_2",
            "littleroom_pumpkinking:grunt_3"
        ]
    },
    "scythe_throw": {
        "sounds": [
            "littleroom_pumpkinking:scythe_throw"
        ]
    }
}