{"textures":{"2":"modelengine:entity/ds_blade","particle":"#2"},"elements":[{"from":[7.75,7.75,5.0],"to":[8.25,8.25,9.5],"faces":{"east":{"uv":[5.5,4.5,10.0,5.0],"tintindex":0,"rotation":0,"texture":"#2"},"south":{"uv":[9.0,9.0,9.5,9.5],"tintindex":0,"rotation":0,"texture":"#2"},"north":{"uv":[9.0,8.5,9.5,9.0],"tintindex":0,"rotation":0,"texture":"#2"},"west":{"uv":[1.0,6.5,5.5,7.0],"tintindex":0,"rotation":0,"texture":"#2"},"up":{"uv":[6.0,11.0,5.5,6.5],"tintindex":0,"rotation":0,"texture":"#2"},"down":{"uv":[6.5,6.5,6.0,11.0],"tintindex":0,"rotation":0,"texture":"#2"}}},{"from":[7.875,7.75,-0.5],"to":[8.125,8.25,1.5],"faces":{"east":{"uv":[7.5,3.0,9.5,3.5],"tintindex":0,"rotation":0,"texture":"#2"},"south":{"uv":[9.5,6.0,10.0,6.5],"tintindex":0,"rotation":0,"texture":"#2"},"north":{"uv":[9.5,4.0,10.0,4.5],"tintindex":0,"rotation":0,"texture":"#2"},"west":{"uv":[7.5,3.5,9.5,4.0],"tintindex":0,"rotation":0,"texture":"#2"},"up":{"uv":[8.0,9.0,7.5,7.0],"tintindex":0,"rotation":0,"texture":"#2"},"down":{"uv":[2.5,8.0,2.0,10.0],"tintindex":0,"rotation":0,"texture":"#2"}}},{"from":[7.8625,7.0,4.875],"to":[8.1375,7.5,5.375],"faces":{"east":{"uv":[10.0,3.5,10.5,4.0],"tintindex":0,"rotation":0,"texture":"#2"},"south":{"uv":[4.0,10.0,4.5,10.5],"tintindex":0,"rotation":0,"texture":"#2"},"north":{"uv":[3.5,10.0,4.0,10.5],"tintindex":0,"rotation":0,"texture":"#2"},"west":{"uv":[10.0,4.0,10.5,4.5],"tintindex":0,"rotation":0,"texture":"#2"},"up":{"uv":[5.0,10.5,4.5,10.0],"tintindex":0,"rotation":0,"texture":"#2"},"down":{"uv":[10.5,4.5,10.0,5.0],"tintindex":0,"rotation":0,"texture":"#2"}},"rotation":{"origin":[8.0,7.5,5.375],"angle":-45.0,"axis":"x"}},{"from":[7.875,7.25,5.125],"to":[8.125,7.75,5.625],"faces":{"east":{"uv":[9.5,9.5,10.0,10.0],"tintindex":0,"rotation":0,"texture":"#2"},"south":{"uv":[2.0,10.0,2.5,10.5],"tintindex":0,"rotation":0,"texture":"#2"},"north":{"uv":[9.5,9.0,10.0,9.5],"tintindex":0,"rotation":0,"texture":"#2"},"west":{"uv":[2.5,10.0,3.0,10.5],"tintindex":0,"rotation":0,"texture":"#2"},"up":{"uv":[3.5,10.5,3.0,10.0],"tintindex":0,"rotation":0,"texture":"#2"},"down":{"uv":[10.5,3.0,10.0,3.5],"tintindex":0,"rotation":0,"texture":"#2"}}},{"from":[7.875,7.5,1.5],"to":[8.125,8.25,2.5],"faces":{"east":{"uv":[2.5,8.0,3.5,9.0],"tintindex":0,"rotation":0,"texture":"#2"},"south":{"uv":[4.0,9.0,4.5,10.0],"tintindex":0,"rotation":0,"texture":"#2"},"north":{"uv":[3.5,9.0,4.0,10.0],"tintindex":0,"rotation":0,"texture":"#2"},"west":{"uv":[3.5,8.0,4.5,9.0],"tintindex":0,"rotation":0,"texture":"#2"},"up":{"uv":[8.0,10.0,7.5,9.0],"tintindex":0,"rotation":0,"texture":"#2"},"down":{"uv":[9.5,7.5,9.0,8.5],"tintindex":0,"rotation":0,"texture":"#2"}}},{"from":[8.0125,6.75,7.0],"to":[8.0125,8.25,9.0],"faces":{"east":{"uv":[5.0,5.0,7.0,6.5],"tintindex":0,"rotation":0,"texture":"#2"},"west":{"uv":[5.5,3.0,7.5,4.5],"tintindex":0,"rotation":0,"texture":"#2"}},"rotation":{"origin":[8.0,8.0,5.75],"angle":22.5,"axis":"x"}},{"from":[7.7,7.7,6.0],"to":[8.3,8.3,10.0],"faces":{"east":{"uv":[7.0,5.0,11.0,5.5],"tintindex":0,"rotation":0,"texture":"#2"},"south":{"uv":[9.5,3.5,10.0,4.0],"tintindex":0,"rotation":0,"texture":"#2"},"north":{"uv":[9.5,3.0,10.0,3.5],"tintindex":0,"rotation":0,"texture":"#2"},"west":{"uv":[7.0,5.5,11.0,6.0],"tintindex":0,"rotation":0,"texture":"#2"},"up":{"uv":[1.5,11.5,1.0,7.5],"tintindex":0,"rotation":0,"texture":"#2"},"down":{"uv":[2.0,7.5,1.5,11.5],"tintindex":0,"rotation":0,"texture":"#2"}}},{"from":[7.7625,7.6895227,7.967598],"to":[8.2375,8.189523,9.967598],"faces":{"east":{"uv":[7.5,4.0,9.5,4.5],"tintindex":0,"rotation":0,"texture":"#2"},"south":{"uv":[9.0,9.5,9.5,10.0],"tintindex":0,"rotation":0,"texture":"#2"},"north":{"uv":[9.5,8.5,10.0,9.0],"tintindex":0,"rotation":0,"texture":"#2"},"west":{"uv":[8.0,7.0,10.0,7.5],"tintindex":0,"rotation":0,"texture":"#2"},"up":{"uv":[8.5,9.5,8.0,7.5],"tintindex":0,"rotation":0,"texture":"#2"},"down":{"uv":[9.0,7.5,8.5,9.5],"tintindex":0,"rotation":0,"texture":"#2"}},"rotation":{"origin":[8.0,7.9395227,9.717598],"angle":-45.0,"axis":"x"}},{"from":[7.7625,7.75,4.5],"to":[8.2375,8.25,9.0],"faces":{"east":{"uv":[6.5,6.5,11.0,7.0],"tintindex":0,"rotation":0,"texture":"#2"},"south":{"uv":[8.5,9.5,9.0,10.0],"tintindex":0,"rotation":0,"texture":"#2"},"north":{"uv":[9.5,8.0,10.0,8.5],"tintindex":0,"rotation":0,"texture":"#2"},"west":{"uv":[1.0,7.0,5.5,7.5],"tintindex":0,"rotation":0,"texture":"#2"},"up":{"uv":[7.0,11.5,6.5,7.0],"tintindex":0,"rotation":0,"texture":"#2"},"down":{"uv":[7.5,7.0,7.0,11.5],"tintindex":0,"rotation":0,"texture":"#2"}},"rotation":{"origin":[8.0,8.0,5.75],"angle":22.5,"axis":"x"}},{"from":[7.875,7.25,-6.0],"to":[8.125,8.25,-0.5],"faces":{"east":{"uv":[0.0,3.0,5.5,4.0],"tintindex":0,"rotation":0,"texture":"#2"},"south":{"uv":[3.0,9.0,3.5,10.0],"tintindex":0,"rotation":0,"texture":"#2"},"north":{"uv":[2.5,9.0,3.0,10.0],"tintindex":0,"rotation":0,"texture":"#2"},"west":{"uv":[0.0,4.0,5.5,5.0],"tintindex":0,"rotation":0,"texture":"#2"},"up":{"uv":[0.5,12.0,0.0,6.5],"tintindex":0,"rotation":0,"texture":"#2"},"down":{"uv":[1.0,6.5,0.5,12.0],"tintindex":0,"rotation":0,"texture":"#2"}}},{"from":[8.0,7.0,-8.5],"to":[8.0,8.25,5.0],"faces":{"east":{"uv":[0.0,0.0,13.5,1.5],"tintindex":0,"rotation":0,"texture":"#2"},"west":{"uv":[0.0,1.5,13.5,3.0],"tintindex":0,"rotation":0,"texture":"#2"}}},{"from":[7.875,7.75,2.5],"to":[8.125,8.25,5.0],"faces":{"east":{"uv":[7.0,6.0,9.5,6.5],"tintindex":0,"rotation":0,"texture":"#2"},"south":{"uv":[8.0,9.5,8.5,10.0],"tintindex":0,"rotation":0,"texture":"#2"},"north":{"uv":[9.5,7.5,10.0,8.0],"tintindex":0,"rotation":0,"texture":"#2"},"west":{"uv":[2.0,7.5,4.5,8.0],"tintindex":0,"rotation":0,"texture":"#2"},"up":{"uv":[5.0,10.0,4.5,7.5],"tintindex":0,"rotation":0,"texture":"#2"},"down":{"uv":[5.5,7.5,5.0,10.0],"tintindex":0,"rotation":0,"texture":"#2"}}},{"from":[8.0125,6.6895227,8.467598],"to":[8.0125,8.189523,10.967598],"faces":{"east":{"uv":[0.0,5.0,2.5,6.5],"tintindex":0,"rotation":0,"texture":"#2"},"west":{"uv":[2.5,5.0,5.0,6.5],"tintindex":0,"rotation":0,"texture":"#2"}},"rotation":{"origin":[8.0,7.9395227,9.717598],"angle":-45.0,"axis":"x"}}],"display":{"head":{"rotation":[0.0,0.0,0.0]},"firstperson_righthand":{"rotation":[0.0,0.0,0.0]},"thirdperson_lefthand":{"rotation":[0.0,-0.0,-0.0]},"firstperson_lefthand":{"rotation":[0.0,-0.0,-0.0]},"fixed":{"rotation":[0.0,0.0,0.0]},"ground":{"rotation":[0.0,0.0,0.0]},"thirdperson_righthand":{"rotation":[0.0,0.0,0.0]},"gui":{"rotation":[-150.0,-45.0,180.0]}}}