{"textures":{"1":"modelengine:entity/ds_phase0_props","particle":"#1"},"elements":[{"from":[2.25,8.0,3.0],"to":[8.75,8.5,9.0],"faces":{"east":{"uv":[11.75,3.25,14.75,3.5],"tintindex":0,"rotation":0,"texture":"#1"},"south":{"uv":[11.75,3.0,15.0,3.25],"tintindex":0,"rotation":0,"texture":"#1"},"north":{"uv":[11.75,2.75,15.0,3.0],"tintindex":0,"rotation":0,"texture":"#1"},"west":{"uv":[11.75,3.5,14.75,3.75],"tintindex":0,"rotation":0,"texture":"#1"},"up":{"uv":[10.75,3.0,7.5,0.0],"tintindex":0,"rotation":0,"texture":"#1"},"down":{"uv":[10.75,3.0,7.5,6.0],"tintindex":0,"rotation":0,"texture":"#1"}}},{"from":[2.5,8.5,9.0],"to":[8.5,19.5,9.0],"faces":{"south":{"uv":[4.5,5.5,7.5,11.0],"tintindex":0,"rotation":0,"texture":"#1"},"north":{"uv":[4.5,0.0,7.5,5.5],"tintindex":0,"rotation":0,"texture":"#1"}},"rotation":{"origin":[5.5,8.5,9.0],"angle":22.5,"axis":"x"}},{"from":[2.5,8.5,3.0],"to":[2.5,12.0,9.0],"faces":{"east":{"uv":[7.5,9.75,10.5,11.5],"tintindex":0,"rotation":0,"texture":"#1"},"west":{"uv":[0.0,10.25,3.0,12.0],"tintindex":0,"rotation":0,"texture":"#1"}}},{"from":[8.0,12.0,3.0],"to":[9.0,12.5,10.5],"faces":{"east":{"uv":[11.75,2.25,15.5,2.5],"tintindex":0,"rotation":0,"texture":"#1"},"south":{"uv":[13.5,6.25,14.0,6.5],"tintindex":0,"rotation":0,"texture":"#1"},"north":{"uv":[13.5,6.0,14.0,6.25],"tintindex":0,"rotation":0,"texture":"#1"},"west":{"uv":[11.75,2.5,15.5,2.75],"tintindex":0,"rotation":0,"texture":"#1"},"up":{"uv":[4.5,14.0,4.0,10.25],"tintindex":0,"rotation":0,"texture":"#1"},"down":{"uv":[11.25,1.75,10.75,5.5],"tintindex":0,"rotation":0,"texture":"#1"}}},{"from":[7.75,2.0,7.5],"to":[8.25,8.0,8.5],"faces":{"east":{"uv":[7.0,11.5,7.5,14.5],"tintindex":0,"rotation":0,"texture":"#1"},"south":{"uv":[9.75,11.75,10.0,14.75],"tintindex":0,"rotation":0,"texture":"#1"},"north":{"uv":[9.5,11.75,9.75,14.75],"tintindex":0,"rotation":0,"texture":"#1"},"west":{"uv":[7.5,11.5,8.0,14.5],"tintindex":0,"rotation":0,"texture":"#1"},"up":{"uv":[13.75,10.75,13.5,10.25],"tintindex":0,"rotation":0,"texture":"#1"},"down":{"uv":[10.75,13.5,10.5,14.0],"tintindex":0,"rotation":0,"texture":"#1"}}},{"from":[8.5,8.5,3.0],"to":[8.5,12.0,9.0],"faces":{"east":{"uv":[10.5,9.75,13.5,11.5],"tintindex":0,"rotation":0,"texture":"#1"},"west":{"uv":[10.75,0.0,13.75,1.75],"tintindex":0,"rotation":0,"texture":"#1"}}},{"from":[2.75,2.0,7.5],"to":[3.25,8.0,8.5],"faces":{"east":{"uv":[11.25,1.75,11.75,4.75],"tintindex":0,"rotation":0,"texture":"#1"},"south":{"uv":[8.25,11.75,8.5,14.75],"tintindex":0,"rotation":0,"texture":"#1"},"north":{"uv":[8.0,11.75,8.25,14.75],"tintindex":0,"rotation":0,"texture":"#1"},"west":{"uv":[4.5,11.5,5.0,14.5],"tintindex":0,"rotation":0,"texture":"#1"},"up":{"uv":[13.75,7.5,13.5,7.0],"tintindex":0,"rotation":0,"texture":"#1"},"down":{"uv":[13.75,7.5,13.5,8.0],"tintindex":0,"rotation":0,"texture":"#1"}}},{"from":[7.75,2.0,3.5],"to":[8.25,8.0,4.5],"faces":{"east":{"uv":[6.0,11.5,6.5,14.5],"tintindex":0,"rotation":0,"texture":"#1"},"south":{"uv":[9.25,11.75,9.5,14.75],"tintindex":0,"rotation":0,"texture":"#1"},"north":{"uv":[9.0,11.75,9.25,14.75],"tintindex":0,"rotation":0,"texture":"#1"},"west":{"uv":[6.5,11.5,7.0,14.5],"tintindex":0,"rotation":0,"texture":"#1"},"up":{"uv":[13.75,9.5,13.5,9.0],"tintindex":0,"rotation":0,"texture":"#1"},"down":{"uv":[13.75,9.75,13.5,10.25],"tintindex":0,"rotation":0,"texture":"#1"}}},{"from":[2.5,19.5,8.75],"to":[8.5,20.5,9.25],"faces":{"east":{"uv":[0.5,13.5,0.75,14.0],"tintindex":0,"rotation":0,"texture":"#1"},"south":{"uv":[4.5,11.0,7.5,11.5],"tintindex":0,"rotation":0,"texture":"#1"},"north":{"uv":[10.75,5.5,13.75,6.0],"tintindex":0,"rotation":0,"texture":"#1"},"west":{"uv":[13.5,6.5,13.75,7.0],"tintindex":0,"rotation":0,"texture":"#1"},"up":{"uv":[14.75,4.0,11.75,3.75],"tintindex":0,"rotation":0,"texture":"#1"},"down":{"uv":[14.75,4.0,11.75,4.25],"tintindex":0,"rotation":0,"texture":"#1"}},"rotation":{"origin":[5.5,8.5,9.0],"angle":22.5,"axis":"x"}},{"from":[2.0,12.0,3.0],"to":[3.0,12.5,10.5],"faces":{"east":{"uv":[11.75,1.75,15.5,2.0],"tintindex":0,"rotation":0,"texture":"#1"},"south":{"uv":[0.0,13.5,0.5,13.75],"tintindex":0,"rotation":0,"texture":"#1"},"north":{"uv":[13.25,13.25,13.75,13.5],"tintindex":0,"rotation":0,"texture":"#1"},"west":{"uv":[11.75,2.0,15.5,2.25],"tintindex":0,"rotation":0,"texture":"#1"},"up":{"uv":[3.5,14.0,3.0,10.25],"tintindex":0,"rotation":0,"texture":"#1"},"down":{"uv":[4.0,10.25,3.5,14.0],"tintindex":0,"rotation":0,"texture":"#1"}}},{"from":[2.75,2.0,3.5],"to":[3.25,8.0,4.5],"faces":{"east":{"uv":[5.0,11.5,5.5,14.5],"tintindex":0,"rotation":0,"texture":"#1"},"south":{"uv":[8.75,11.75,9.0,14.75],"tintindex":0,"rotation":0,"texture":"#1"},"north":{"uv":[8.5,11.75,8.75,14.75],"tintindex":0,"rotation":0,"texture":"#1"},"west":{"uv":[5.5,11.5,6.0,14.5],"tintindex":0,"rotation":0,"texture":"#1"},"up":{"uv":[13.75,8.5,13.5,8.0],"tintindex":0,"rotation":0,"texture":"#1"},"down":{"uv":[13.75,8.5,13.5,9.0],"tintindex":0,"rotation":0,"texture":"#1"}}}],"display":{"head":{"rotation":[0.0,0.0,0.0]},"firstperson_righthand":{"rotation":[0.0,0.0,0.0]},"thirdperson_lefthand":{"rotation":[0.0,-0.0,-0.0]},"firstperson_lefthand":{"rotation":[0.0,-0.0,-0.0]},"fixed":{"rotation":[0.0,0.0,0.0]},"ground":{"rotation":[0.0,0.0,0.0]},"thirdperson_righthand":{"rotation":[0.0,0.0,0.0]},"gui":{"rotation":[-150.0,-45.0,180.0]}}}