{"textures":{"0":"modelengine:entity/ds_duke_snipperjack","particle":"#0"},"elements":[{"from":[2.0,8.0,2.0],"to":[14.0,9.0,2.0],"faces":{"south":{"uv":[8.625,8.375,10.125,8.5],"tintindex":0,"rotation":0,"texture":"#0"},"north":{"uv":[8.625,8.25,10.125,8.375],"tintindex":0,"rotation":0,"texture":"#0"}}},{"from":[4.5,8.009998,4.5],"to":[11.5,24.010002,11.5],"faces":{"east":{"uv":[1.5,2.0,2.375,4.0],"tintindex":0,"rotation":0,"texture":"#0"},"south":{"uv":[2.375,0.0,3.25,2.0],"tintindex":0,"rotation":0,"texture":"#0"},"north":{"uv":[1.5,0.0,2.375,2.0],"tintindex":0,"rotation":0,"texture":"#0"},"west":{"uv":[2.375,2.0,3.25,4.0],"tintindex":0,"rotation":0,"texture":"#0"},"up":{"uv":[1.875,7.0,1.0,6.125],"tintindex":0,"rotation":0,"texture":"#0"},"down":{"uv":[0.875,6.25,0.0,7.125],"tintindex":0,"rotation":0,"texture":"#0"}}},{"from":[2.0,8.009998,2.0],"to":[14.0,8.009998,14.0],"faces":{"up":{"uv":[1.5,1.5,0.0,0.0],"tintindex":0,"rotation":0,"texture":"#0"},"down":{"uv":[1.5,1.5,0.0,3.0],"tintindex":0,"rotation":0,"texture":"#0"}}},{"from":[2.0,8.0,14.0],"to":[14.0,9.0,14.0],"faces":{"south":{"uv":[8.625,7.875,10.125,8.0],"tintindex":0,"rotation":0,"texture":"#0"},"north":{"uv":[8.625,7.75,10.125,7.875],"tintindex":0,"rotation":0,"texture":"#0"}}},{"from":[2.0,8.0,2.0],"to":[2.0,9.0,14.0],"faces":{"east":{"uv":[8.625,2.375,10.125,2.5],"tintindex":0,"rotation":0,"texture":"#0"},"west":{"uv":[8.625,7.625,10.125,7.75],"tintindex":0,"rotation":0,"texture":"#0"}}},{"from":[14.0,8.0,2.0],"to":[14.0,9.0,14.0],"faces":{"east":{"uv":[8.625,8.0,10.125,8.125],"tintindex":0,"rotation":0,"texture":"#0"},"west":{"uv":[8.625,8.125,10.125,8.25],"tintindex":0,"rotation":0,"texture":"#0"}}}],"display":{"head":{"rotation":[0.0,0.0,0.0]},"firstperson_righthand":{"rotation":[0.0,0.0,0.0]},"thirdperson_lefthand":{"rotation":[0.0,-0.0,-0.0]},"firstperson_lefthand":{"rotation":[0.0,-0.0,-0.0]},"fixed":{"rotation":[0.0,0.0,0.0]},"ground":{"rotation":[0.0,0.0,0.0]},"thirdperson_righthand":{"rotation":[0.0,0.0,0.0]},"gui":{"rotation":[-150.0,-45.0,180.0]}}}