{"textures":{"0":"modelengine:entity/ds_duke_snipperjack","particle":"#0"},"elements":[{"from":[5.0,-7.0,6.5],"to":[8.0,8.0,9.5],"faces":{"east":{"uv":[6.625,0.0,7.0,1.875],"tintindex":0,"rotation":0,"texture":"#0"},"south":{"uv":[6.625,1.875,7.0,3.75],"tintindex":0,"rotation":0,"texture":"#0"},"north":{"uv":[2.75,6.5,3.125,8.375],"tintindex":0,"rotation":0,"texture":"#0"},"west":{"uv":[5.875,6.75,6.25,8.625],"tintindex":0,"rotation":0,"texture":"#0"},"up":{"uv":[2.25,6.5,1.875,6.125],"tintindex":0,"rotation":0,"texture":"#0"},"down":{"uv":[1.875,7.0,1.5,7.375],"tintindex":0,"rotation":0,"texture":"#0"}}}],"display":{"head":{"rotation":[0.0,0.0,0.0]},"firstperson_righthand":{"rotation":[0.0,0.0,0.0]},"thirdperson_lefthand":{"rotation":[0.0,-0.0,-0.0]},"firstperson_lefthand":{"rotation":[0.0,-0.0,-0.0]},"fixed":{"rotation":[0.0,0.0,0.0]},"ground":{"rotation":[0.0,0.0,0.0]},"thirdperson_righthand":{"rotation":[0.0,0.0,0.0]},"gui":{"rotation":[-150.0,-45.0,180.0]}}}