{"textures":{"0":"modelengine:entity/ds_duke_snipperjack","particle":"#0"},"elements":[{"from":[7.0,-4.0,7.1],"to":[9.0,8.0,9.0],"faces":{"east":{"uv":[8.375,8.0,8.625,9.5],"tintindex":0,"rotation":0,"texture":"#0"},"south":{"uv":[8.625,0.0,8.875,1.5],"tintindex":0,"rotation":0,"texture":"#0"},"north":{"uv":[2.75,8.375,3.0,9.875],"tintindex":0,"rotation":0,"texture":"#0"},"west":{"uv":[8.625,3.5,8.875,5.0],"tintindex":0,"rotation":0,"texture":"#0"},"up":{"uv":[7.25,3.5,7.0,3.25],"tintindex":0,"rotation":0,"texture":"#0"},"down":{"uv":[7.25,3.5,7.0,3.75],"tintindex":0,"rotation":0,"texture":"#0"}}}],"display":{"head":{"rotation":[0.0,0.0,0.0]},"firstperson_righthand":{"rotation":[0.0,0.0,0.0]},"thirdperson_lefthand":{"rotation":[0.0,-0.0,-0.0]},"firstperson_lefthand":{"rotation":[0.0,-0.0,-0.0]},"fixed":{"rotation":[0.0,0.0,0.0]},"ground":{"rotation":[0.0,0.0,0.0]},"thirdperson_righthand":{"rotation":[0.0,0.0,0.0]},"gui":{"rotation":[-150.0,-45.0,180.0]}}}