{"textures":{"0":"modelengine:entity/ds_duke_snipperjack","particle":"#0"},"elements":[{"from":[6.5,-4.0,6.5],"to":[9.5,8.0,9.5],"faces":{"east":{"uv":[4.625,7.875,5.0,9.375],"tintindex":0,"rotation":0,"texture":"#0"},"south":{"uv":[7.0,7.875,7.375,9.375],"tintindex":0,"rotation":0,"texture":"#0"},"north":{"uv":[4.25,7.875,4.625,9.375],"tintindex":0,"rotation":0,"texture":"#0"},"west":{"uv":[1.5,8.0,1.875,9.5],"tintindex":0,"rotation":0,"texture":"#0"},"up":{"uv":[9.0,8.875,8.625,8.5],"tintindex":0,"rotation":0,"texture":"#0"},"down":{"uv":[9.25,0.0,8.875,0.375],"tintindex":0,"rotation":0,"texture":"#0"}}}],"display":{"head":{"rotation":[0.0,0.0,0.0]},"firstperson_righthand":{"rotation":[0.0,0.0,0.0]},"thirdperson_lefthand":{"rotation":[0.0,-0.0,-0.0]},"firstperson_lefthand":{"rotation":[0.0,-0.0,-0.0]},"fixed":{"rotation":[0.0,0.0,0.0]},"ground":{"rotation":[0.0,0.0,0.0]},"thirdperson_righthand":{"rotation":[0.0,0.0,0.0]},"gui":{"rotation":[-150.0,-45.0,180.0]}}}