{"textures":{"0":"modelengine:entity/ds_duke_snipperjack","particle":"#0"},"elements":[{"from":[4.0,-1.0,8.003],"to":[12.0,8.0,8.003],"faces":{"south":{"uv":[2.25,5.375,3.25,6.5],"tintindex":0,"rotation":0,"texture":"#0"},"north":{"uv":[4.875,5.25,5.875,6.375],"tintindex":0,"rotation":0,"texture":"#0"}}},{"from":[4.01,-1.0,8.0],"to":[4.01,8.0,13.0],"faces":{"east":{"uv":[0.0,7.125,0.625,8.25],"tintindex":0,"rotation":0,"texture":"#0"},"west":{"uv":[7.25,3.0,7.875,4.125],"tintindex":0,"rotation":0,"texture":"#0"}}},{"from":[4.0,-1.0,8.0],"to":[12.0,8.0,13.0],"faces":{"east":{"uv":[6.875,5.625,7.5,6.75],"tintindex":0,"rotation":0,"texture":"#0"},"south":{"uv":[4.875,4.125,5.875,5.25],"tintindex":0,"rotation":0,"texture":"#0"},"north":{"uv":[4.5,3.0,5.5,4.125],"tintindex":0,"rotation":0,"texture":"#0"},"west":{"uv":[0.875,7.0,1.5,8.125],"tintindex":0,"rotation":0,"texture":"#0"},"up":{"uv":[8.375,1.875,7.375,1.25],"tintindex":0,"rotation":0,"texture":"#0"},"down":{"uv":[2.5,7.375,1.5,8.0],"tintindex":0,"rotation":0,"texture":"#0"}}},{"from":[4.0030003,8.0,8.0],"to":[11.998,16.0,12.997],"faces":{"east":{"uv":[5.125,7.25,5.75,8.25],"tintindex":0,"rotation":0,"texture":"#0"},"south":{"uv":[5.625,1.0,6.625,2.0],"tintindex":0,"rotation":0,"texture":"#0"},"north":{"uv":[5.625,0.0,6.625,1.0],"tintindex":0,"rotation":0,"texture":"#0"},"west":{"uv":[7.5,5.125,8.125,6.125],"tintindex":0,"rotation":0,"texture":"#0"},"up":{"uv":[8.5,6.75,7.5,6.125],"tintindex":0,"rotation":0,"texture":"#0"},"down":{"uv":[8.625,1.875,7.625,2.5],"tintindex":0,"rotation":0,"texture":"#0"}}},{"from":[4.0,-1.0,12.997],"to":[12.0,8.0,12.997],"faces":{"south":{"uv":[0.0,5.125,1.0,6.25],"tintindex":0,"rotation":0,"texture":"#0"},"north":{"uv":[1.25,5.0,2.25,6.125],"tintindex":0,"rotation":0,"texture":"#0"}}},{"from":[11.99,-1.0,8.0],"to":[11.99,8.0,13.0],"faces":{"east":{"uv":[7.0,1.875,7.625,3.0],"tintindex":0,"rotation":0,"texture":"#0"},"west":{"uv":[7.0,6.75,7.625,7.875],"tintindex":0,"rotation":0,"texture":"#0"}}},{"from":[4.0,8.0,8.0],"to":[12.0,8.0,13.0],"faces":{"up":{"uv":[8.625,7.375,7.625,6.75],"tintindex":0,"rotation":0,"texture":"#0"},"down":{"uv":[8.625,7.375,7.625,8.0],"tintindex":0,"rotation":0,"texture":"#0"}}}],"display":{"head":{"rotation":[0.0,0.0,0.0]},"firstperson_righthand":{"rotation":[0.0,0.0,0.0]},"thirdperson_lefthand":{"rotation":[0.0,-0.0,-0.0]},"firstperson_lefthand":{"rotation":[0.0,-0.0,-0.0]},"fixed":{"rotation":[0.0,0.0,0.0]},"ground":{"rotation":[0.0,0.0,0.0]},"thirdperson_righthand":{"rotation":[0.0,0.0,0.0]},"gui":{"rotation":[-150.0,-45.0,180.0]}}}