{"textures":{"0":"modelengine:entity/ds_duke_snipperjack","particle":"#0"},"elements":[{"from":[7.25,2.0,6.75],"to":[8.25,6.0,6.75],"faces":{"south":{"uv":[7.25,5.125,7.375,5.625],"tintindex":0,"rotation":0,"texture":"#0"},"north":{"uv":[3.125,6.5,3.25,7.0],"tintindex":0,"rotation":0,"texture":"#0"}}},{"from":[6.25,6.0,6.75],"to":[10.25,10.0,7.75],"faces":{"east":{"uv":[0.875,6.25,1.0,6.75],"tintindex":0,"rotation":0,"texture":"#0"},"south":{"uv":[8.625,7.125,9.125,7.625],"tintindex":0,"rotation":0,"texture":"#0"},"north":{"uv":[8.625,6.625,9.125,7.125],"tintindex":0,"rotation":0,"texture":"#0"},"west":{"uv":[6.5,3.0,6.625,3.5],"tintindex":0,"rotation":0,"texture":"#0"},"up":{"uv":[9.375,1.5,8.875,1.375],"tintindex":0,"rotation":0,"texture":"#0"},"down":{"uv":[2.375,8.875,1.875,9.0],"tintindex":0,"rotation":0,"texture":"#0"}}}],"display":{"head":{"rotation":[0.0,0.0,0.0]},"firstperson_righthand":{"rotation":[0.0,0.0,0.0]},"thirdperson_lefthand":{"rotation":[0.0,-0.0,-0.0]},"firstperson_lefthand":{"rotation":[0.0,-0.0,-0.0]},"fixed":{"rotation":[0.0,0.0,0.0]},"ground":{"rotation":[0.0,0.0,0.0]},"thirdperson_righthand":{"rotation":[0.0,0.0,0.0]},"gui":{"rotation":[-150.0,-45.0,180.0]}}}