{"textures":{"0":"modelengine:entity/ds_duke_snipperjack","particle":"#0"},"elements":[{"from":[7.0,-4.0,7.0],"to":[9.0,8.0,9.0],"faces":{"east":{"uv":[5.25,8.25,5.5,9.75],"tintindex":0,"rotation":0,"texture":"#0"},"south":{"uv":[5.5,8.25,5.75,9.75],"tintindex":0,"rotation":0,"texture":"#0"},"north":{"uv":[5.0,8.25,5.25,9.75],"tintindex":0,"rotation":0,"texture":"#0"},"west":{"uv":[8.375,0.0,8.625,1.5],"tintindex":0,"rotation":0,"texture":"#0"},"up":{"uv":[6.75,4.0,6.5,3.75],"tintindex":0,"rotation":0,"texture":"#0"},"down":{"uv":[7.25,3.0,7.0,3.25],"tintindex":0,"rotation":0,"texture":"#0"}}}],"display":{"head":{"rotation":[0.0,0.0,0.0]},"firstperson_righthand":{"rotation":[0.0,0.0,0.0]},"thirdperson_lefthand":{"rotation":[0.0,-0.0,-0.0]},"firstperson_lefthand":{"rotation":[0.0,-0.0,-0.0]},"fixed":{"rotation":[0.0,0.0,0.0]},"ground":{"rotation":[0.0,0.0,0.0]},"thirdperson_righthand":{"rotation":[0.0,0.0,0.0]},"gui":{"rotation":[-150.0,-45.0,180.0]}}}