{"textures":{"0":"modelengine:entity/ds_duke_snipperjack","particle":"#0"},"elements":[{"from":[8.0,-7.0,6.5],"to":[11.0,8.0,9.5],"faces":{"east":{"uv":[6.625,6.75,7.0,8.625],"tintindex":0,"rotation":0,"texture":"#0"},"south":{"uv":[6.875,3.75,7.25,5.625],"tintindex":0,"rotation":0,"texture":"#0"},"north":{"uv":[6.25,6.75,6.625,8.625],"tintindex":0,"rotation":0,"texture":"#0"},"west":{"uv":[7.0,0.0,7.375,1.875],"tintindex":0,"rotation":0,"texture":"#0"},"up":{"uv":[8.5,6.125,8.125,5.75],"tintindex":0,"rotation":0,"texture":"#0"},"down":{"uv":[8.625,3.5,8.25,3.875],"tintindex":0,"rotation":0,"texture":"#0"}}}],"display":{"head":{"rotation":[0.0,0.0,0.0]},"firstperson_righthand":{"rotation":[0.0,0.0,0.0]},"thirdperson_lefthand":{"rotation":[0.0,-0.0,-0.0]},"firstperson_lefthand":{"rotation":[0.0,-0.0,-0.0]},"fixed":{"rotation":[0.0,0.0,0.0]},"ground":{"rotation":[0.0,0.0,0.0]},"thirdperson_righthand":{"rotation":[0.0,0.0,0.0]},"gui":{"rotation":[-150.0,-45.0,180.0]}}}