{"textures":{"3":"modelengine:entity/ds_scissor","particle":"#3"},"elements":[{"from":[10.252276,7.694417,8.064573],"to":[12.752276,8.294416,8.664573],"faces":{"east":{"uv":[5.0,8.25,5.25,8.5],"tintindex":0,"rotation":0,"texture":"#3"},"south":{"uv":[0.0,7.75,1.25,8.0],"tintindex":0,"rotation":0,"texture":"#3"},"north":{"uv":[7.5,7.5,8.75,7.75],"tintindex":0,"rotation":0,"texture":"#3"},"west":{"uv":[3.5,8.5,3.75,8.75],"tintindex":0,"rotation":0,"texture":"#3"},"up":{"uv":[2.5,8.0,1.25,7.75],"tintindex":0,"rotation":0,"texture":"#3"},"down":{"uv":[3.75,7.75,2.5,8.0],"tintindex":0,"rotation":0,"texture":"#3"}}},{"from":[5.84591,7.924417,8.100523],"to":[8.34591,8.1744175,8.600523],"faces":{"east":{"uv":[7.0,8.5,7.25,8.75],"tintindex":0,"rotation":0,"texture":"#3"},"south":{"uv":[6.25,7.75,7.5,8.0],"tintindex":0,"rotation":0,"texture":"#3"},"north":{"uv":[4.0,7.75,5.25,8.0],"tintindex":0,"rotation":0,"texture":"#3"},"west":{"uv":[7.25,8.5,7.5,8.75],"tintindex":0,"rotation":0,"texture":"#3"},"up":{"uv":[9.0,6.75,7.75,6.5],"tintindex":0,"rotation":0,"texture":"#3"},"down":{"uv":[9.0,6.75,7.75,7.0],"tintindex":0,"rotation":0,"texture":"#3"}}},{"from":[10.471382,7.9915133,8.466084],"to":[10.971382,7.9915133,8.966084],"faces":{"up":{"uv":[8.75,8.75,8.5,8.5],"tintindex":0,"rotation":0,"texture":"#3"},"down":{"uv":[0.25,8.75,0.0,9.0],"tintindex":0,"rotation":0,"texture":"#3"}},"rotation":{"origin":[6.9713826,7.7415133,9.341084],"angle":22.5,"axis":"y"}},{"from":[8.252276,7.854417,7.2913375],"to":[8.752276,8.129417,7.791337],"faces":{"east":{"uv":[5.75,8.5,6.0,8.75],"tintindex":0,"rotation":0,"texture":"#3"},"south":{"uv":[6.0,8.5,6.25,8.75],"tintindex":0,"rotation":0,"texture":"#3"},"north":{"uv":[5.5,8.5,5.75,8.75],"tintindex":0,"rotation":0,"texture":"#3"},"west":{"uv":[6.25,8.5,6.5,8.75],"tintindex":0,"rotation":0,"texture":"#3"},"up":{"uv":[6.75,8.75,6.5,8.5],"tintindex":0,"rotation":0,"texture":"#3"},"down":{"uv":[7.0,8.5,6.75,8.75],"tintindex":0,"rotation":0,"texture":"#3"}},"rotation":{"origin":[8.502276,8.008284,7.5413375],"angle":45.0,"axis":"y"}},{"from":[12.815621,7.756917,3.9516072],"to":[14.815621,8.231916,4.451607],"faces":{"east":{"uv":[7.5,8.5,7.75,8.75],"tintindex":0,"rotation":0,"texture":"#3"},"south":{"uv":[1.0,8.0,2.0,8.25],"tintindex":0,"rotation":0,"texture":"#3"},"north":{"uv":[0.0,8.0,1.0,8.25],"tintindex":0,"rotation":0,"texture":"#3"},"west":{"uv":[7.75,8.5,8.0,8.75],"tintindex":0,"rotation":0,"texture":"#3"},"up":{"uv":[3.0,8.25,2.0,8.0],"tintindex":0,"rotation":0,"texture":"#3"},"down":{"uv":[5.0,8.0,4.0,8.25],"tintindex":0,"rotation":0,"texture":"#3"}},"rotation":{"origin":[8.815621,7.7665133,4.326607],"angle":-45.0,"axis":"y"}},{"from":[-4.2477236,8.004013,7.3645606],"to":[7.252276,8.004013,8.864561],"faces":{"up":{"uv":[9.75,0.75,4.0,0.0],"tintindex":0,"rotation":0,"texture":"#3"},"down":{"uv":[9.75,0.75,4.0,1.5],"tintindex":0,"rotation":0,"texture":"#3"}}},{"from":[5.2522764,7.879013,7.8645606],"to":[6.252276,8.129013,8.614561],"faces":{"east":{"uv":[1.0,8.5,1.5,8.75],"tintindex":0,"rotation":0,"texture":"#3"},"south":{"uv":[1.5,8.5,2.0,8.75],"tintindex":0,"rotation":0,"texture":"#3"},"north":{"uv":[0.5,8.5,1.0,8.75],"tintindex":0,"rotation":0,"texture":"#3"},"west":{"uv":[2.0,8.5,2.5,8.75],"tintindex":0,"rotation":0,"texture":"#3"},"up":{"uv":[3.5,8.5,3.0,8.0],"tintindex":0,"rotation":0,"texture":"#3"},"down":{"uv":[6.75,8.0,6.25,8.5],"tintindex":0,"rotation":0,"texture":"#3"}}},{"from":[-2.2477236,7.879013,7.6145606],"to":[3.2522764,8.129013,8.614561],"faces":{"east":{"uv":[2.5,8.5,3.0,8.75],"tintindex":0,"rotation":0,"texture":"#3"},"south":{"uv":[6.75,3.25,9.5,3.5],"tintindex":0,"rotation":0,"texture":"#3"},"north":{"uv":[6.75,3.0,9.5,3.25],"tintindex":0,"rotation":0,"texture":"#3"},"west":{"uv":[3.0,8.5,3.5,8.75],"tintindex":0,"rotation":0,"texture":"#3"},"up":{"uv":[9.0,2.0,6.25,1.5],"tintindex":0,"rotation":0,"texture":"#3"},"down":{"uv":[9.0,2.0,6.25,2.5],"tintindex":0,"rotation":0,"texture":"#3"}}},{"from":[7.9713826,7.7415133,8.966084],"to":[12.471382,8.241513,9.466084],"faces":{"east":{"uv":[8.0,8.5,8.25,8.75],"tintindex":0,"rotation":0,"texture":"#3"},"south":{"uv":[6.75,5.75,9.0,6.0],"tintindex":0,"rotation":0,"texture":"#3"},"north":{"uv":[6.75,5.5,9.0,5.75],"tintindex":0,"rotation":0,"texture":"#3"},"west":{"uv":[8.25,8.5,8.5,8.75],"tintindex":0,"rotation":0,"texture":"#3"},"up":{"uv":[9.0,6.25,6.75,6.0],"tintindex":0,"rotation":0,"texture":"#3"},"down":{"uv":[9.0,6.25,6.75,6.5],"tintindex":0,"rotation":0,"texture":"#3"}},"rotation":{"origin":[6.9713826,7.7415133,9.341084],"angle":22.5,"axis":"y"}},{"from":[3.2522764,7.879013,8.114561],"to":[5.2522764,8.129013,8.614561],"faces":{"east":{"uv":[0.25,8.75,0.5,9.0],"tintindex":0,"rotation":0,"texture":"#3"},"south":{"uv":[8.0,8.0,9.0,8.25],"tintindex":0,"rotation":0,"texture":"#3"},"north":{"uv":[8.0,7.75,9.0,8.0],"tintindex":0,"rotation":0,"texture":"#3"},"west":{"uv":[0.5,8.75,0.75,9.0],"tintindex":0,"rotation":0,"texture":"#3"},"up":{"uv":[1.0,8.5,0.0,8.25],"tintindex":0,"rotation":0,"texture":"#3"},"down":{"uv":[2.0,8.25,1.0,8.5],"tintindex":0,"rotation":0,"texture":"#3"}}},{"from":[13.315621,7.981917,2.9516077],"to":[15.315621,7.981917,3.9516072],"faces":{"up":{"uv":[7.75,7.0,6.75,6.5],"tintindex":0,"rotation":0,"texture":"#3"},"down":{"uv":[7.75,7.0,6.75,7.5],"tintindex":0,"rotation":0,"texture":"#3"}},"rotation":{"origin":[8.815621,7.7665133,4.326607],"angle":-45.0,"axis":"y"}},{"from":[8.252276,7.744417,8.114561],"to":[12.752276,8.244417,8.614561],"faces":{"east":{"uv":[7.25,8.0,7.5,8.25],"tintindex":0,"rotation":0,"texture":"#3"},"south":{"uv":[6.75,4.75,9.0,5.0],"tintindex":0,"rotation":0,"texture":"#3"},"north":{"uv":[6.75,4.5,9.0,4.75],"tintindex":0,"rotation":0,"texture":"#3"},"west":{"uv":[3.5,8.25,3.75,8.5],"tintindex":0,"rotation":0,"texture":"#3"},"up":{"uv":[9.0,5.25,6.75,5.0],"tintindex":0,"rotation":0,"texture":"#3"},"down":{"uv":[9.0,5.25,6.75,5.5],"tintindex":0,"rotation":0,"texture":"#3"}}},{"from":[8.252276,7.869417,7.6145606],"to":[8.752276,8.119417,8.114561],"faces":{"east":{"uv":[4.25,8.5,4.5,8.75],"tintindex":0,"rotation":0,"texture":"#3"},"south":{"uv":[4.5,8.5,4.75,8.75],"tintindex":0,"rotation":0,"texture":"#3"},"north":{"uv":[4.0,8.5,4.25,8.75],"tintindex":0,"rotation":0,"texture":"#3"},"west":{"uv":[4.75,8.5,5.0,8.75],"tintindex":0,"rotation":0,"texture":"#3"},"up":{"uv":[5.25,8.75,5.0,8.5],"tintindex":0,"rotation":0,"texture":"#3"},"down":{"uv":[5.5,8.5,5.25,8.75],"tintindex":0,"rotation":0,"texture":"#3"}}}],"display":{"head":{"rotation":[0.0,0.0,0.0]},"firstperson_righthand":{"rotation":[0.0,0.0,0.0]},"thirdperson_lefthand":{"rotation":[0.0,-0.0,-0.0]},"firstperson_lefthand":{"rotation":[0.0,-0.0,-0.0]},"fixed":{"rotation":[0.0,0.0,0.0]},"ground":{"rotation":[0.0,0.0,0.0]},"thirdperson_righthand":{"rotation":[0.0,0.0,0.0]},"gui":{"rotation":[-150.0,-45.0,180.0]}}}