{"textures":{"3":"modelengine:entity/ds_scissor","particle":"#3"},"elements":[{"from":[4.309136,7.795154,5.397483],"to":[6.309136,7.795154,7.397483],"faces":{"up":{"uv":[3.0,7.5,2.0,6.5],"tintindex":0,"rotation":0,"texture":"#3"},"down":{"uv":[4.0,6.5,3.0,7.5],"tintindex":0,"rotation":0,"texture":"#3"}},"rotation":{"origin":[5.309136,7.545154,6.647483],"angle":-45.0,"axis":"y"}},{"from":[7.875,7.670404,4.5313663],"to":[8.625,7.920404,5.5313663],"faces":{"east":{"uv":[4.0,8.25,4.5,8.5],"tintindex":0,"rotation":0,"texture":"#3"},"south":{"uv":[4.5,8.25,5.0,8.5],"tintindex":0,"rotation":0,"texture":"#3"},"north":{"uv":[2.5,8.25,3.0,8.5],"tintindex":0,"rotation":0,"texture":"#3"},"west":{"uv":[6.75,8.25,7.25,8.5],"tintindex":0,"rotation":0,"texture":"#3"},"up":{"uv":[8.25,7.5,7.75,7.0],"tintindex":0,"rotation":0,"texture":"#3"},"down":{"uv":[8.0,7.75,7.5,8.25],"tintindex":0,"rotation":0,"texture":"#3"}}},{"from":[8.25,7.670404,-4.9686337],"to":[9.25,7.920404,4.5313663],"faces":{"east":{"uv":[6.25,2.5,11.0,2.75],"tintindex":0,"rotation":0,"texture":"#3"},"south":{"uv":[2.0,8.25,2.5,8.5],"tintindex":0,"rotation":0,"texture":"#3"},"north":{"uv":[6.75,8.0,7.25,8.25],"tintindex":0,"rotation":0,"texture":"#3"},"west":{"uv":[6.25,2.75,11.0,3.0],"tintindex":0,"rotation":0,"texture":"#3"},"up":{"uv":[5.75,6.25,5.25,1.5],"tintindex":0,"rotation":0,"texture":"#3"},"down":{"uv":[6.25,1.5,5.75,6.25],"tintindex":0,"rotation":0,"texture":"#3"}}},{"from":[6.3357863,7.790154,9.44558],"to":[8.335787,7.790154,11.44558],"faces":{"up":{"uv":[1.0,7.5,0.0,6.5],"tintindex":0,"rotation":0,"texture":"#3"},"down":{"uv":[2.0,6.5,1.0,7.5],"tintindex":0,"rotation":0,"texture":"#3"}},"rotation":{"origin":[7.3357863,8.0401535,11.44558],"angle":45.0,"axis":"y"}},{"from":[7.5,7.795404,9.031366],"to":[10.0,7.795404,14.031366],"faces":{"up":{"uv":[5.25,4.0,4.0,1.5],"tintindex":0,"rotation":0,"texture":"#3"},"down":{"uv":[5.25,4.0,4.0,6.5],"tintindex":0,"rotation":0,"texture":"#3"}}},{"from":[7.7,7.495404,5.5313663],"to":[8.8,8.095404,10.031366],"faces":{"east":{"uv":[6.75,4.0,9.0,4.25],"tintindex":0,"rotation":0,"texture":"#3"},"south":{"uv":[0.0,8.5,0.5,8.75],"tintindex":0,"rotation":0,"texture":"#3"},"north":{"uv":[8.25,8.25,8.75,8.5],"tintindex":0,"rotation":0,"texture":"#3"},"west":{"uv":[6.75,4.25,9.0,4.5],"tintindex":0,"rotation":0,"texture":"#3"},"up":{"uv":[6.75,7.5,6.25,5.25],"tintindex":0,"rotation":0,"texture":"#3"},"down":{"uv":[6.25,6.25,5.75,8.5],"tintindex":0,"rotation":0,"texture":"#3"}}},{"from":[5.25,7.795404,-8.468634],"to":[9.25,7.795404,4.5313663],"faces":{"up":{"uv":[2.0,6.5,0.0,0.0],"tintindex":0,"rotation":0,"texture":"#3"},"down":{"uv":[4.0,0.0,2.0,6.5],"tintindex":0,"rotation":0,"texture":"#3"}}},{"from":[7.75,7.545404,5.5313663],"to":[8.75,8.045404,10.031366],"faces":{"east":{"uv":[6.75,3.5,9.0,3.75],"tintindex":0,"rotation":0,"texture":"#3"},"south":{"uv":[7.25,8.25,7.75,8.5],"tintindex":0,"rotation":0,"texture":"#3"},"north":{"uv":[8.25,7.0,8.75,7.25],"tintindex":0,"rotation":0,"texture":"#3"},"west":{"uv":[6.75,3.75,9.0,4.0],"tintindex":0,"rotation":0,"texture":"#3"},"up":{"uv":[6.75,5.25,6.25,3.0],"tintindex":0,"rotation":0,"texture":"#3"},"down":{"uv":[5.75,6.25,5.25,8.5],"tintindex":0,"rotation":0,"texture":"#3"}}},{"from":[7.0857863,7.545654,8.427813],"to":[8.085787,8.040654,10.927813],"faces":{"east":{"uv":[0.0,7.5,1.25,7.75],"tintindex":0,"rotation":0,"texture":"#3"},"south":{"uv":[7.75,8.25,8.25,8.5],"tintindex":0,"rotation":0,"texture":"#3"},"north":{"uv":[8.25,7.25,8.75,7.5],"tintindex":0,"rotation":0,"texture":"#3"},"west":{"uv":[1.25,7.5,2.5,7.75],"tintindex":0,"rotation":0,"texture":"#3"},"up":{"uv":[4.5,7.75,4.0,6.5],"tintindex":0,"rotation":0,"texture":"#3"},"down":{"uv":[5.0,6.5,4.5,7.75],"tintindex":0,"rotation":0,"texture":"#3"}},"rotation":{"origin":[7.3357863,7.795404,9.677813],"angle":45.0,"axis":"y"}},{"from":[6.4001265,7.545654,6.470706],"to":[6.9001265,8.045654,8.970706],"faces":{"east":{"uv":[2.5,7.5,3.75,7.75],"tintindex":0,"rotation":0,"texture":"#3"},"south":{"uv":[5.0,8.0,5.25,8.25],"tintindex":0,"rotation":0,"texture":"#3"},"north":{"uv":[3.5,8.0,3.75,8.25],"tintindex":0,"rotation":0,"texture":"#3"},"west":{"uv":[6.25,7.5,7.5,7.75],"tintindex":0,"rotation":0,"texture":"#3"},"up":{"uv":[5.25,7.75,5.0,6.5],"tintindex":0,"rotation":0,"texture":"#3"},"down":{"uv":[4.0,7.5,3.75,8.75],"tintindex":0,"rotation":0,"texture":"#3"}}}],"display":{"head":{"rotation":[0.0,0.0,0.0]},"firstperson_righthand":{"rotation":[0.0,0.0,0.0]},"thirdperson_lefthand":{"rotation":[0.0,-0.0,-0.0]},"firstperson_lefthand":{"rotation":[0.0,-0.0,-0.0]},"fixed":{"rotation":[0.0,0.0,0.0]},"ground":{"rotation":[0.0,0.0,0.0]},"thirdperson_righthand":{"rotation":[0.0,0.0,0.0]},"gui":{"rotation":[-150.0,-45.0,180.0]}}}