{"textures":{"1":"modelengine:entity/ds_phase0_props","particle":"#1"},"elements":[{"from":[8.0,8.0,-4.5],"to":[8.0,10.5,4.5],"faces":{"east":{"uv":[7.5,6.0,12.0,7.25],"tintindex":0,"rotation":0,"texture":"#1"},"west":{"uv":[7.5,7.25,12.0,8.5],"tintindex":0,"rotation":0,"texture":"#1"}}},{"from":[3.5,17.5,0.25],"to":[4.5,19.0,0.25],"faces":{"south":{"uv":[13.0,6.75,13.5,7.5],"tintindex":0,"rotation":0,"texture":"#1"},"north":{"uv":[13.0,6.0,13.5,6.75],"tintindex":0,"rotation":0,"texture":"#1"}}},{"from":[7.5,14.0,-0.5],"to":[8.5,17.0,0.5],"faces":{"east":{"uv":[10.5,11.75,11.0,13.25],"tintindex":0,"rotation":0,"texture":"#1"},"south":{"uv":[11.0,11.75,11.5,13.25],"tintindex":0,"rotation":0,"texture":"#1"},"north":{"uv":[10.0,11.75,10.5,13.25],"tintindex":0,"rotation":0,"texture":"#1"},"west":{"uv":[11.5,11.75,12.0,13.25],"tintindex":0,"rotation":0,"texture":"#1"},"up":{"uv":[13.5,9.0,13.0,8.5],"tintindex":0,"rotation":0,"texture":"#1"},"down":{"uv":[13.5,9.0,13.0,9.5],"tintindex":0,"rotation":0,"texture":"#1"}}},{"from":[7.5,9.0,-0.5],"to":[8.5,11.0,0.5],"faces":{"east":{"uv":[1.25,12.75,1.75,13.75],"tintindex":0,"rotation":0,"texture":"#1"},"south":{"uv":[1.75,12.75,2.25,13.75],"tintindex":0,"rotation":0,"texture":"#1"},"north":{"uv":[0.75,12.75,1.25,13.75],"tintindex":0,"rotation":0,"texture":"#1"},"west":{"uv":[2.25,12.75,2.75,13.75],"tintindex":0,"rotation":0,"texture":"#1"},"up":{"uv":[13.5,8.0,13.0,7.5],"tintindex":0,"rotation":0,"texture":"#1"},"down":{"uv":[13.5,8.0,13.0,8.5],"tintindex":0,"rotation":0,"texture":"#1"}}},{"from":[4.5,17.5,-0.5],"to":[6.5,19.0,1.0],"faces":{"east":{"uv":[12.0,8.75,12.75,9.5],"tintindex":0,"rotation":0,"texture":"#1"},"south":{"uv":[1.0,12.0,2.0,12.75],"tintindex":0,"rotation":0,"texture":"#1"},"north":{"uv":[0.0,12.0,1.0,12.75],"tintindex":0,"rotation":0,"texture":"#1"},"west":{"uv":[12.0,11.75,12.75,12.5],"tintindex":0,"rotation":0,"texture":"#1"},"up":{"uv":[3.0,12.75,2.0,12.0],"tintindex":0,"rotation":0,"texture":"#1"},"down":{"uv":[13.0,6.0,12.0,6.75],"tintindex":0,"rotation":0,"texture":"#1"}}},{"from":[6.5,17.5,0.25],"to":[8.0,19.5,0.25],"faces":{"south":{"uv":[12.0,7.75,12.75,8.75],"tintindex":0,"rotation":0,"texture":"#1"},"north":{"uv":[12.0,6.75,12.75,7.75],"tintindex":0,"rotation":0,"texture":"#1"}}},{"from":[3.5,8.0,0.0],"to":[12.5,10.5,0.0],"faces":{"south":{"uv":[0.0,9.0,4.5,10.25],"tintindex":0,"rotation":0,"texture":"#1"},"north":{"uv":[7.5,8.5,12.0,9.75],"tintindex":0,"rotation":0,"texture":"#1"}}},{"from":[7.75,11.0,-0.25],"to":[8.25,14.0,0.25],"faces":{"east":{"uv":[12.75,6.75,13.0,8.25],"tintindex":0,"rotation":0,"texture":"#1"},"south":{"uv":[12.75,8.25,13.0,9.75],"tintindex":0,"rotation":0,"texture":"#1"},"north":{"uv":[2.75,12.75,3.0,14.25],"tintindex":0,"rotation":0,"texture":"#1"},"west":{"uv":[12.75,11.5,13.0,13.0],"tintindex":0,"rotation":0,"texture":"#1"},"up":{"uv":[12.75,11.75,12.5,11.5],"tintindex":0,"rotation":0,"texture":"#1"},"down":{"uv":[13.75,11.0,13.5,11.25],"tintindex":0,"rotation":0,"texture":"#1"}}},{"from":[3.5,17.0,-4.5],"to":[12.5,17.5,4.5],"faces":{"east":{"uv":[11.25,5.0,15.75,5.25],"tintindex":0,"rotation":0,"texture":"#1"},"south":{"uv":[11.25,5.25,15.75,5.5],"tintindex":0,"rotation":0,"texture":"#1"},"north":{"uv":[11.25,4.75,15.75,5.0],"tintindex":0,"rotation":0,"texture":"#1"},"west":{"uv":[8.0,11.5,12.5,11.75],"tintindex":0,"rotation":0,"texture":"#1"},"up":{"uv":[4.5,4.5,0.0,0.0],"tintindex":0,"rotation":0,"texture":"#1"},"down":{"uv":[4.5,4.5,0.0,9.0],"tintindex":0,"rotation":0,"texture":"#1"}}},{"from":[4.75,19.0,-0.25],"to":[6.25,19.25,0.75],"faces":{"east":{"uv":[10.75,13.5,11.25,13.75],"tintindex":0,"rotation":0,"texture":"#1"},"south":{"uv":[13.0,9.5,13.75,9.75],"tintindex":0,"rotation":0,"texture":"#1"},"north":{"uv":[12.0,9.5,12.75,9.75],"tintindex":0,"rotation":0,"texture":"#1"},"west":{"uv":[13.5,10.75,14.0,11.0],"tintindex":0,"rotation":0,"texture":"#1"},"up":{"uv":[12.5,4.75,11.75,4.25],"tintindex":0,"rotation":0,"texture":"#1"},"down":{"uv":[13.25,4.25,12.5,4.75],"tintindex":0,"rotation":0,"texture":"#1"}}}],"display":{"head":{"rotation":[0.0,0.0,0.0]},"firstperson_righthand":{"rotation":[0.0,0.0,0.0]},"thirdperson_lefthand":{"rotation":[0.0,-0.0,-0.0]},"firstperson_lefthand":{"rotation":[0.0,-0.0,-0.0]},"fixed":{"rotation":[0.0,0.0,0.0]},"ground":{"rotation":[0.0,0.0,0.0]},"thirdperson_righthand":{"rotation":[0.0,0.0,0.0]},"gui":{"rotation":[-150.0,-45.0,180.0]}}}