{"textures":{"1":"modelengine:entity/ds_phase0_props","particle":"#1"},"elements":[{"from":[8.0,7.25,7.25],"to":[8.0,8.25,8.25],"faces":{"east":{"uv":[13.75,1.5,14.0,1.75],"tintindex":0,"rotation":0,"texture":"#1"},"west":{"uv":[1.75,13.75,2.0,14.0],"tintindex":0,"rotation":0,"texture":"#1"}}},{"from":[7.0,5.25,7.25],"to":[9.0,7.25,9.25],"faces":{"east":{"uv":[13.75,0.0,14.25,0.5],"tintindex":0,"rotation":0,"texture":"#1"},"south":{"uv":[13.75,0.5,14.25,1.0],"tintindex":0,"rotation":0,"texture":"#1"},"north":{"uv":[0.0,13.75,0.5,14.25],"tintindex":0,"rotation":0,"texture":"#1"},"west":{"uv":[0.75,13.75,1.25,14.25],"tintindex":0,"rotation":0,"texture":"#1"},"up":{"uv":[14.25,1.5,13.75,1.0],"tintindex":0,"rotation":0,"texture":"#1"},"down":{"uv":[1.75,13.75,1.25,14.25],"tintindex":0,"rotation":0,"texture":"#1"}}}],"display":{"head":{"rotation":[0.0,0.0,0.0]},"firstperson_righthand":{"rotation":[0.0,0.0,0.0]},"thirdperson_lefthand":{"rotation":[0.0,-0.0,-0.0]},"firstperson_lefthand":{"rotation":[0.0,-0.0,-0.0]},"fixed":{"rotation":[0.0,0.0,0.0]},"ground":{"rotation":[0.0,0.0,0.0]},"thirdperson_righthand":{"rotation":[0.0,0.0,0.0]},"gui":{"rotation":[-150.0,-45.0,180.0]}}}