{"textures":{"1":"modelengine:entity/ds_phase0_props","particle":"#1"},"elements":[{"from":[6.5,5.0,7.75],"to":[9.5,8.0,8.25],"faces":{"east":{"uv":[12.25,13.5,12.5,14.25],"tintindex":0,"rotation":0,"texture":"#1"},"south":{"uv":[13.5,11.5,14.25,12.25],"tintindex":0,"rotation":0,"texture":"#1"},"north":{"uv":[11.5,13.5,12.25,14.25],"tintindex":0,"rotation":0,"texture":"#1"},"west":{"uv":[13.5,12.25,13.75,13.0],"tintindex":0,"rotation":0,"texture":"#1"},"up":{"uv":[13.25,13.75,12.5,13.5],"tintindex":0,"rotation":0,"texture":"#1"},"down":{"uv":[14.0,13.5,13.25,13.75],"tintindex":0,"rotation":0,"texture":"#1"}}}],"display":{"head":{"rotation":[0.0,0.0,0.0]},"firstperson_righthand":{"rotation":[0.0,0.0,0.0]},"thirdperson_lefthand":{"rotation":[0.0,-0.0,-0.0]},"firstperson_lefthand":{"rotation":[0.0,-0.0,-0.0]},"fixed":{"rotation":[0.0,0.0,0.0]},"ground":{"rotation":[0.0,0.0,0.0]},"thirdperson_righthand":{"rotation":[0.0,0.0,0.0]},"gui":{"rotation":[-150.0,-45.0,180.0]}}}