{"textures":{"0":"modelengine:entity/ds_duke_snipperjack","particle":"#0"},"elements":[{"from":[4.0,8.0,5.5],"to":[12.0,15.0,10.5],"faces":{"east":{"uv":[7.875,4.0,8.5,4.875],"tintindex":0,"rotation":0,"texture":"#0"},"south":{"uv":[5.875,5.875,6.875,6.75],"tintindex":0,"rotation":0,"texture":"#0"},"north":{"uv":[5.875,5.0,6.875,5.875],"tintindex":0,"rotation":0,"texture":"#0"},"west":{"uv":[1.875,8.0,2.5,8.875],"tintindex":0,"rotation":0,"texture":"#0"},"up":{"uv":[4.125,7.875,3.125,7.25],"tintindex":0,"rotation":0,"texture":"#0"},"down":{"uv":[5.125,7.25,4.125,7.875],"tintindex":0,"rotation":0,"texture":"#0"}}},{"from":[5.5,11.0,5.75],"to":[10.5,15.0,5.75],"faces":{"south":{"uv":[6.375,8.625,7.0,9.125],"tintindex":0,"rotation":0,"texture":"#0"},"north":{"uv":[5.75,8.625,6.375,9.125],"tintindex":0,"rotation":0,"texture":"#0"}}},{"from":[4.5,8.0,6.0],"to":[11.5,15.0,10.0],"faces":{"east":{"uv":[8.125,4.875,8.625,5.75],"tintindex":0,"rotation":0,"texture":"#0"},"south":{"uv":[1.875,6.5,2.75,7.375],"tintindex":0,"rotation":0,"texture":"#0"},"north":{"uv":[5.0,6.375,5.875,7.25],"tintindex":0,"rotation":0,"texture":"#0"},"west":{"uv":[0.0,8.25,0.5,9.125],"tintindex":0,"rotation":0,"texture":"#0"},"up":{"uv":[9.125,3.0,8.25,2.5],"tintindex":0,"rotation":0,"texture":"#0"},"down":{"uv":[9.125,3.0,8.25,3.5],"tintindex":0,"rotation":0,"texture":"#0"}}}],"display":{"head":{"rotation":[0.0,0.0,0.0]},"firstperson_righthand":{"rotation":[0.0,0.0,0.0]},"thirdperson_lefthand":{"rotation":[0.0,-0.0,-0.0]},"firstperson_lefthand":{"rotation":[0.0,-0.0,-0.0]},"fixed":{"rotation":[0.0,0.0,0.0]},"ground":{"rotation":[0.0,0.0,0.0]},"thirdperson_righthand":{"rotation":[0.0,0.0,0.0]},"gui":{"rotation":[-150.0,-45.0,180.0]}}}