{"textures":{"0":"modelengine:entity/pumpkin_king_candy_gib","particle":"#0"},"elements":[{"from":[-8.0,-0.5,8.0],"to":[1.0,16.5,8.0],"faces":{"south":{"uv":[3.5,0.0,5.75,4.25],"tintindex":0,"rotation":0,"texture":"#0"},"north":{"uv":[5.75,0.0,3.5,4.25],"tintindex":0,"rotation":0,"texture":"#0"}},"rotation":{"origin":[-6.0,8.0,8.0],"angle":-22.5,"axis":"x"}},{"from":[15.0,-0.5,8.0],"to":[24.0,16.5,8.0],"faces":{"south":{"uv":[5.75,0.0,3.5,4.25],"tintindex":0,"rotation":0,"texture":"#0"},"north":{"uv":[3.5,0.0,5.75,4.25],"tintindex":0,"rotation":0,"texture":"#0"}},"rotation":{"origin":[22.0,8.0,8.0],"angle":22.5,"axis":"x"}},{"from":[1.0,1.5,4.5],"to":[15.0,14.5,11.5],"faces":{"east":{"uv":[5.75,3.5,7.5,6.75],"tintindex":0,"rotation":0,"texture":"#0"},"south":{"uv":[3.5,0.0,0.0,3.25],"tintindex":0,"rotation":0,"texture":"#0"},"north":{"uv":[0.0,0.0,3.5,3.25],"tintindex":0,"rotation":0,"texture":"#0"},"west":{"uv":[7.5,3.5,5.75,6.75],"tintindex":0,"rotation":0,"texture":"#0"},"up":{"uv":[9.25,1.75,5.75,0.0],"tintindex":0,"rotation":0,"texture":"#0"},"down":{"uv":[9.25,1.75,5.75,3.5],"tintindex":0,"rotation":0,"texture":"#0"}}}],"display":{"head":{"rotation":[0.0,0.0,0.0]},"firstperson_righthand":{"rotation":[0.0,0.0,0.0]},"thirdperson_lefthand":{"rotation":[0.0,-0.0,-0.0]},"firstperson_lefthand":{"rotation":[0.0,-0.0,-0.0]},"fixed":{"rotation":[0.0,0.0,0.0]},"ground":{"rotation":[0.0,0.0,0.0]},"thirdperson_righthand":{"rotation":[0.0,0.0,0.0]},"gui":{"rotation":[-150.0,-45.0,180.0]}}}