{"textures":{"0":"modelengine:entity/zc_corrupted_spike_2","particle":"#0"},"elements":[{"from":[-3.0,-14.0,8.0],"to":[19.0,8.0,8.0],"faces":{"south":{"uv":[5.5,8.25,11.0,13.75],"tintindex":0,"rotation":0,"texture":"#0"},"north":{"uv":[0.0,8.25,5.5,13.75],"tintindex":0,"rotation":0,"texture":"#0"}},"rotation":{"origin":[8.0,-14.0,8.0],"angle":-45.0,"axis":"y"}},{"from":[-3.0,-14.0,8.0],"to":[19.0,19.0,8.0],"faces":{"south":{"uv":[5.5,0.0,11.0,8.25],"tintindex":0,"rotation":0,"texture":"#0"},"north":{"uv":[0.0,0.0,5.5,8.25],"tintindex":0,"rotation":0,"texture":"#0"}},"rotation":{"origin":[8.0,-14.0,8.0],"angle":45.0,"axis":"y"}}],"display":{"head":{"rotation":[0.0,0.0,0.0]},"firstperson_righthand":{"rotation":[0.0,0.0,0.0]},"thirdperson_lefthand":{"rotation":[0.0,-0.0,-0.0]},"firstperson_lefthand":{"rotation":[0.0,-0.0,-0.0]},"fixed":{"rotation":[0.0,0.0,0.0]},"ground":{"rotation":[0.0,0.0,0.0]},"thirdperson_righthand":{"rotation":[0.0,0.0,0.0]},"gui":{"rotation":[-150.0,-45.0,180.0]}}}