{"textures":{"0":"modelengine:entity/ds_duke_snipperjack","particle":"#0"},"elements":[{"from":[5.0,12.004999,5.0],"to":[11.0,12.004999,11.0],"faces":{"up":{"uv":[1.5,1.5,0.0,0.0],"tintindex":0,"rotation":0,"texture":"#0"},"down":{"uv":[1.5,1.5,0.0,3.0],"tintindex":0,"rotation":0,"texture":"#0"}}},{"from":[5.0,12.0,5.0],"to":[5.0,12.5,11.0],"faces":{"east":{"uv":[8.625,2.375,10.125,2.5],"tintindex":0,"rotation":0,"texture":"#0"},"west":{"uv":[8.625,7.625,10.125,7.75],"tintindex":0,"rotation":0,"texture":"#0"}}},{"from":[5.0,12.0,5.0],"to":[11.0,12.5,5.0],"faces":{"south":{"uv":[8.625,8.375,10.125,8.5],"tintindex":0,"rotation":0,"texture":"#0"},"north":{"uv":[8.625,8.25,10.125,8.375],"tintindex":0,"rotation":0,"texture":"#0"}}},{"from":[5.5,8.0,5.75],"to":[10.5,12.0,10.25],"faces":{"east":{"uv":[3.75,4.375,4.875,5.375],"tintindex":0,"rotation":0,"texture":"#0"},"south":{"uv":[1.25,4.0,2.5,5.0],"tintindex":0,"rotation":0,"texture":"#0"},"north":{"uv":[3.25,3.375,4.5,4.375],"tintindex":0,"rotation":0,"texture":"#0"},"west":{"uv":[4.5,0.0,5.625,1.0],"tintindex":0,"rotation":0,"texture":"#0"},"up":{"uv":[1.25,4.125,0.0,3.0],"tintindex":0,"rotation":0,"texture":"#0"},"down":{"uv":[4.5,0.0,3.25,1.125],"tintindex":0,"rotation":0,"texture":"#0"}}},{"from":[5.0,12.0,11.0],"to":[11.0,12.5,11.0],"faces":{"south":{"uv":[8.625,7.875,10.125,8.0],"tintindex":0,"rotation":0,"texture":"#0"},"north":{"uv":[8.625,7.75,10.125,7.875],"tintindex":0,"rotation":0,"texture":"#0"}}},{"from":[11.0,12.0,5.0],"to":[11.0,12.5,11.0],"faces":{"east":{"uv":[8.625,8.0,10.125,8.125],"tintindex":0,"rotation":0,"texture":"#0"},"west":{"uv":[8.625,8.125,10.125,8.25],"tintindex":0,"rotation":0,"texture":"#0"}}},{"from":[5.625,8.125,5.875],"to":[10.375,11.875,10.125],"faces":{"east":{"uv":[4.5,1.0,5.625,2.0],"tintindex":0,"rotation":0,"texture":"#0"},"south":{"uv":[2.5,4.375,3.75,5.375],"tintindex":0,"rotation":0,"texture":"#0"},"north":{"uv":[0.0,4.125,1.25,5.125],"tintindex":0,"rotation":0,"texture":"#0"},"west":{"uv":[4.5,2.0,5.625,3.0],"tintindex":0,"rotation":0,"texture":"#0"},"up":{"uv":[4.5,2.25,3.25,1.125],"tintindex":0,"rotation":0,"texture":"#0"},"down":{"uv":[4.5,2.25,3.25,3.375],"tintindex":0,"rotation":0,"texture":"#0"}}},{"from":[6.25,12.004999,6.25],"to":[9.75,20.005001,9.75],"faces":{"east":{"uv":[1.5,2.0,2.375,4.0],"tintindex":0,"rotation":0,"texture":"#0"},"south":{"uv":[2.375,0.0,3.25,2.0],"tintindex":0,"rotation":0,"texture":"#0"},"north":{"uv":[1.5,0.0,2.375,2.0],"tintindex":0,"rotation":0,"texture":"#0"},"west":{"uv":[2.375,2.0,3.25,4.0],"tintindex":0,"rotation":0,"texture":"#0"},"up":{"uv":[1.875,7.0,1.0,6.125],"tintindex":0,"rotation":0,"texture":"#0"},"down":{"uv":[0.875,6.25,0.0,7.125],"tintindex":0,"rotation":0,"texture":"#0"}}}],"display":{"head":{"rotation":[0.0,0.0,0.0]},"firstperson_righthand":{"rotation":[0.0,0.0,0.0]},"thirdperson_lefthand":{"rotation":[0.0,-0.0,-0.0]},"firstperson_lefthand":{"rotation":[0.0,-0.0,-0.0]},"fixed":{"rotation":[0.0,0.0,0.0]},"ground":{"rotation":[0.0,0.0,0.0]},"thirdperson_righthand":{"rotation":[0.0,0.0,0.0]},"gui":{"rotation":[-150.0,-45.0,180.0]}}}