{"textures":{"1":"modelengine:entity/ds_scissor","particle":"#1"},"elements":[{"from":[14.892706,7.9649105,8.089163],"to":[15.892706,7.9649105,9.089163],"faces":{"up":{"uv":[8.75,8.75,8.5,8.5],"tintindex":0,"rotation":0,"texture":"#1"},"down":{"uv":[0.25,8.75,0.0,9.0],"tintindex":0,"rotation":0,"texture":"#1"}},"rotation":{"origin":[7.8927064,7.4649105,9.839163],"angle":22.5,"axis":"y"}},{"from":[-14.545506,7.98991,5.8861175],"to":[8.454493,7.98991,8.886118],"faces":{"up":{"uv":[9.75,0.75,4.0,0.0],"tintindex":0,"rotation":0,"texture":"#1"},"down":{"uv":[9.75,0.75,4.0,1.5],"tintindex":0,"rotation":0,"texture":"#1"}}},{"from":[14.4544935,7.370718,7.2861423],"to":[19.454494,8.570718,8.486142],"faces":{"east":{"uv":[5.0,8.25,5.25,8.5],"tintindex":0,"rotation":0,"texture":"#1"},"south":{"uv":[0.0,7.75,1.25,8.0],"tintindex":0,"rotation":0,"texture":"#1"},"north":{"uv":[7.5,7.5,8.75,7.75],"tintindex":0,"rotation":0,"texture":"#1"},"west":{"uv":[3.5,8.5,3.75,8.75],"tintindex":0,"rotation":0,"texture":"#1"},"up":{"uv":[2.5,8.0,1.25,7.75],"tintindex":0,"rotation":0,"texture":"#1"},"down":{"uv":[3.75,7.75,2.5,8.0],"tintindex":0,"rotation":0,"texture":"#1"}}},{"from":[10.4544935,7.6907177,5.739671],"to":[11.4544935,8.240718,6.7396708],"faces":{"east":{"uv":[5.75,8.5,6.0,8.75],"tintindex":0,"rotation":0,"texture":"#1"},"south":{"uv":[6.0,8.5,6.25,8.75],"tintindex":0,"rotation":0,"texture":"#1"},"north":{"uv":[5.5,8.5,5.75,8.75],"tintindex":0,"rotation":0,"texture":"#1"},"west":{"uv":[6.25,8.5,6.5,8.75],"tintindex":0,"rotation":0,"texture":"#1"},"up":{"uv":[6.75,8.75,6.5,8.5],"tintindex":0,"rotation":0,"texture":"#1"},"down":{"uv":[7.0,8.5,6.75,8.75],"tintindex":0,"rotation":0,"texture":"#1"}},"rotation":{"origin":[10.9544935,7.9984503,6.239671],"angle":45.0,"axis":"y"}},{"from":[10.4544935,7.4707184,7.3861175],"to":[19.454494,8.470718,8.386118],"faces":{"east":{"uv":[7.25,8.0,7.5,8.25],"tintindex":0,"rotation":0,"texture":"#1"},"south":{"uv":[6.75,4.75,9.0,5.0],"tintindex":0,"rotation":0,"texture":"#1"},"north":{"uv":[6.75,4.5,9.0,4.75],"tintindex":0,"rotation":0,"texture":"#1"},"west":{"uv":[3.5,8.25,3.75,8.5],"tintindex":0,"rotation":0,"texture":"#1"},"up":{"uv":[9.0,5.25,6.75,5.0],"tintindex":0,"rotation":0,"texture":"#1"},"down":{"uv":[9.0,5.25,6.75,5.5],"tintindex":0,"rotation":0,"texture":"#1"}}},{"from":[20.581184,7.945718,-2.9397888],"to":[24.581184,7.945718,-0.9397888],"faces":{"up":{"uv":[7.75,7.0,6.75,6.5],"tintindex":0,"rotation":0,"texture":"#1"},"down":{"uv":[7.75,7.0,6.75,7.5],"tintindex":0,"rotation":0,"texture":"#1"}},"rotation":{"origin":[11.581183,7.5149107,-0.18978882],"angle":-45.0,"axis":"y"}},{"from":[5.641761,7.830718,7.3580422],"to":[10.641761,8.330718,8.358042],"faces":{"east":{"uv":[7.0,8.5,7.25,8.75],"tintindex":0,"rotation":0,"texture":"#1"},"south":{"uv":[6.25,7.75,7.5,8.0],"tintindex":0,"rotation":0,"texture":"#1"},"north":{"uv":[4.0,7.75,5.25,8.0],"tintindex":0,"rotation":0,"texture":"#1"},"west":{"uv":[7.25,8.5,7.5,8.75],"tintindex":0,"rotation":0,"texture":"#1"},"up":{"uv":[9.0,6.75,7.75,6.5],"tintindex":0,"rotation":0,"texture":"#1"},"down":{"uv":[9.0,6.75,7.75,7.0],"tintindex":0,"rotation":0,"texture":"#1"}}},{"from":[0.45449352,7.73991,7.3861175],"to":[4.4544935,8.23991,8.386118],"faces":{"east":{"uv":[0.25,8.75,0.5,9.0],"tintindex":0,"rotation":0,"texture":"#1"},"south":{"uv":[8.0,8.0,9.0,8.25],"tintindex":0,"rotation":0,"texture":"#1"},"north":{"uv":[8.0,7.75,9.0,8.0],"tintindex":0,"rotation":0,"texture":"#1"},"west":{"uv":[0.5,8.75,0.75,9.0],"tintindex":0,"rotation":0,"texture":"#1"},"up":{"uv":[1.0,8.5,0.0,8.25],"tintindex":0,"rotation":0,"texture":"#1"},"down":{"uv":[2.0,8.25,1.0,8.5],"tintindex":0,"rotation":0,"texture":"#1"}}},{"from":[10.4544935,7.7207184,6.3861175],"to":[11.4544935,8.220718,7.3861175],"faces":{"east":{"uv":[4.25,8.5,4.5,8.75],"tintindex":0,"rotation":0,"texture":"#1"},"south":{"uv":[4.5,8.5,4.75,8.75],"tintindex":0,"rotation":0,"texture":"#1"},"north":{"uv":[4.0,8.5,4.25,8.75],"tintindex":0,"rotation":0,"texture":"#1"},"west":{"uv":[4.75,8.5,5.0,8.75],"tintindex":0,"rotation":0,"texture":"#1"},"up":{"uv":[5.25,8.75,5.0,8.5],"tintindex":0,"rotation":0,"texture":"#1"},"down":{"uv":[5.5,8.5,5.25,8.75],"tintindex":0,"rotation":0,"texture":"#1"}}},{"from":[-10.545506,7.73991,6.3861175],"to":[0.45449352,8.23991,8.386118],"faces":{"east":{"uv":[2.5,8.5,3.0,8.75],"tintindex":0,"rotation":0,"texture":"#1"},"south":{"uv":[6.75,3.25,9.5,3.5],"tintindex":0,"rotation":0,"texture":"#1"},"north":{"uv":[6.75,3.0,9.5,3.25],"tintindex":0,"rotation":0,"texture":"#1"},"west":{"uv":[3.0,8.5,3.5,8.75],"tintindex":0,"rotation":0,"texture":"#1"},"up":{"uv":[9.0,2.0,6.25,1.5],"tintindex":0,"rotation":0,"texture":"#1"},"down":{"uv":[9.0,2.0,6.25,2.5],"tintindex":0,"rotation":0,"texture":"#1"}}},{"from":[4.4544935,7.73991,6.8861175],"to":[6.454493,8.23991,8.386118],"faces":{"east":{"uv":[1.0,8.5,1.5,8.75],"tintindex":0,"rotation":0,"texture":"#1"},"south":{"uv":[1.5,8.5,2.0,8.75],"tintindex":0,"rotation":0,"texture":"#1"},"north":{"uv":[0.5,8.5,1.0,8.75],"tintindex":0,"rotation":0,"texture":"#1"},"west":{"uv":[2.0,8.5,2.5,8.75],"tintindex":0,"rotation":0,"texture":"#1"},"up":{"uv":[3.5,8.5,3.0,8.0],"tintindex":0,"rotation":0,"texture":"#1"},"down":{"uv":[6.75,8.0,6.25,8.5],"tintindex":0,"rotation":0,"texture":"#1"}}},{"from":[9.892706,7.4649105,9.089163],"to":[18.892706,8.4649105,10.089163],"faces":{"east":{"uv":[8.0,8.5,8.25,8.75],"tintindex":0,"rotation":0,"texture":"#1"},"south":{"uv":[6.75,5.75,9.0,6.0],"tintindex":0,"rotation":0,"texture":"#1"},"north":{"uv":[6.75,5.5,9.0,5.75],"tintindex":0,"rotation":0,"texture":"#1"},"west":{"uv":[8.25,8.5,8.5,8.75],"tintindex":0,"rotation":0,"texture":"#1"},"up":{"uv":[9.0,6.25,6.75,6.0],"tintindex":0,"rotation":0,"texture":"#1"},"down":{"uv":[9.0,6.25,6.75,6.5],"tintindex":0,"rotation":0,"texture":"#1"}},"rotation":{"origin":[7.8927064,7.4649105,9.839163],"angle":22.5,"axis":"y"}},{"from":[19.581184,7.495718,-0.9397888],"to":[23.581184,8.445718,0.060210705],"faces":{"east":{"uv":[7.5,8.5,7.75,8.75],"tintindex":0,"rotation":0,"texture":"#1"},"south":{"uv":[1.0,8.0,2.0,8.25],"tintindex":0,"rotation":0,"texture":"#1"},"north":{"uv":[0.0,8.0,1.0,8.25],"tintindex":0,"rotation":0,"texture":"#1"},"west":{"uv":[7.75,8.5,8.0,8.75],"tintindex":0,"rotation":0,"texture":"#1"},"up":{"uv":[3.0,8.25,2.0,8.0],"tintindex":0,"rotation":0,"texture":"#1"},"down":{"uv":[5.0,8.0,4.0,8.25],"tintindex":0,"rotation":0,"texture":"#1"}},"rotation":{"origin":[11.581183,7.5149107,-0.18978882],"angle":-45.0,"axis":"y"}}],"display":{"head":{"rotation":[0.0,0.0,0.0]},"firstperson_righthand":{"rotation":[0.0,0.0,0.0]},"thirdperson_lefthand":{"rotation":[0.0,-0.0,-0.0]},"firstperson_lefthand":{"rotation":[0.0,-0.0,-0.0]},"fixed":{"rotation":[0.0,0.0,0.0]},"ground":{"rotation":[0.0,0.0,0.0]},"thirdperson_righthand":{"rotation":[0.0,0.0,0.0]},"gui":{"rotation":[-150.0,-45.0,180.0]}}}