{"overrides":[{"predicate":{"custom_model_data":1},"model":"modelengine:aloc_the_demonic_mech_normal_fireball/aloc_the_demonic_mech_fireball"},{"predicate":{"custom_model_data":2},"model":"modelengine:ds_pumpkin_puppet_pet_mini/head"},{"predicate":{"custom_model_data":3},"model":"modelengine:ds_pumpkin_puppet_pet/head"},{"predicate":{"custom_model_data":4},"model":"modelengine:aloc_the_demonic_mech_shrapnel/aloc_the_demonic_mech_shrapnel"},{"predicate":{"custom_model_data":5},"model":"modelengine:aloc_the_demonic_mech_blades/aloc_the_demonic_mech_blades"},{"predicate":{"custom_model_data":6},"model":"modelengine:aloc_the_demonic_mech_base/base"},{"predicate":{"custom_model_data":7},"model":"modelengine:ds_pumpkin_puppet_pet_mini/body"},{"predicate":{"custom_model_data":8},"model":"modelengine:ds_pumpkin_puppet_pet_mini/rightarm"},{"predicate":{"custom_model_data":9},"model":"modelengine:ds_pumpkin_puppet_pet_mini/leftarm"},{"predicate":{"custom_model_data":10},"model":"modelengine:ds_pumpkin_puppet_pet/body"},{"predicate":{"custom_model_data":11},"model":"modelengine:ds_pumpkin_puppet_pet/rightarm"},{"predicate":{"custom_model_data":12},"model":"modelengine:ds_pumpkin_puppet_pet/leftarm"},{"predicate":{"custom_model_data":13},"model":"modelengine:ds_pumpkin_puppet/head"},{"predicate":{"custom_model_data":14},"model":"modelengine:ds_pumpkin_puppet/body"},{"predicate":{"custom_model_data":15},"model":"modelengine:ds_pumpkin_puppet/rightarm"},{"predicate":{"custom_model_data":16},"model":"modelengine:ds_pumpkin_puppet/leftarm"},{"predicate":{"custom_model_data":17},"model":"modelengine:ds_duke_snipperjack_phase_0/deathhat"},{"predicate":{"custom_model_data":18},"model":"modelengine:ds_duke_snipperjack_phase_0/table"},{"predicate":{"custom_model_data":19},"model":"modelengine:ds_duke_snipperjack_phase_0/chair"},{"predicate":{"custom_model_data":20},"model":"modelengine:ds_duke_snipperjack_phase_0/lowerbody"},{"predicate":{"custom_model_data":21},"model":"modelengine:ds_duke_snipperjack_phase_0/leftleg"},{"predicate":{"custom_model_data":22},"model":"modelengine:ds_duke_snipperjack_phase_0/rightleg"},{"predicate":{"custom_model_data":23},"model":"modelengine:ds_duke_snipperjack_phase_0/upperbody"},{"predicate":{"custom_model_data":24},"model":"modelengine:ds_duke_snipperjack_phase_0/lowersuit"},{"predicate":{"custom_model_data":25},"model":"modelengine:ds_duke_snipperjack_phase_0/leftleglower"},{"predicate":{"custom_model_data":26},"model":"modelengine:ds_duke_snipperjack_phase_0/rightleglower"},{"predicate":{"custom_model_data":27},"model":"modelengine:ds_duke_snipperjack_phase_0/leftarm"},{"predicate":{"custom_model_data":28},"model":"modelengine:ds_duke_snipperjack_phase_0/rightarm"},{"predicate":{"custom_model_data":29},"model":"modelengine:ds_duke_snipperjack_phase_0/head"},{"predicate":{"custom_model_data":30},"model":"modelengine:ds_duke_snipperjack_phase_0/leftfoot"},{"predicate":{"custom_model_data":31},"model":"modelengine:ds_duke_snipperjack_phase_0/rightfoot"},{"predicate":{"custom_model_data":32},"model":"modelengine:ds_duke_snipperjack_phase_0/leftarmlower"},{"predicate":{"custom_model_data":33},"model":"modelengine:ds_duke_snipperjack_phase_0/rightarmlower"},{"predicate":{"custom_model_data":34},"model":"modelengine:ds_duke_snipperjack_phase_0/monocle"},{"predicate":{"custom_model_data":35},"model":"modelengine:ds_duke_snipperjack_phase_0/blade"},{"predicate":{"custom_model_data":36},"model":"modelengine:ds_duke_snipperjack_phase_0/teaplate"},{"predicate":{"custom_model_data":37},"model":"modelengine:ds_duke_snipperjack_phase_0/scissor"},{"predicate":{"custom_model_data":38},"model":"modelengine:ds_duke_snipperjack_phase_0/teacup"},{"predicate":{"custom_model_data":39},"model":"modelengine:ds_duke_snipperjack_phase_0/blade2"},{"predicate":{"custom_model_data":40},"model":"modelengine:ds_duke_snipperjack_phase_0/scissor2"},{"predicate":{"custom_model_data":41},"model":"modelengine:ds_duke_snipperjack_phase_2/lowerbody"},{"predicate":{"custom_model_data":42},"model":"modelengine:ds_duke_snipperjack_phase_2/leftleg"},{"predicate":{"custom_model_data":43},"model":"modelengine:ds_duke_snipperjack_phase_2/rightleg"},{"predicate":{"custom_model_data":44},"model":"modelengine:ds_duke_snipperjack_phase_2/upperbody"},{"predicate":{"custom_model_data":45},"model":"modelengine:ds_duke_snipperjack_phase_2/lowersuit"},{"predicate":{"custom_model_data":46},"model":"modelengine:ds_duke_snipperjack_phase_2/leftleglower"},{"predicate":{"custom_model_data":47},"model":"modelengine:ds_duke_snipperjack_phase_2/rightleglower"},{"predicate":{"custom_model_data":48},"model":"modelengine:ds_duke_snipperjack_phase_2/leftarm"},{"predicate":{"custom_model_data":49},"model":"modelengine:ds_duke_snipperjack_phase_2/rightarm"},{"predicate":{"custom_model_data":50},"model":"modelengine:ds_duke_snipperjack_phase_2/head"},{"predicate":{"custom_model_data":51},"model":"modelengine:ds_duke_snipperjack_phase_2/leftfoot"},{"predicate":{"custom_model_data":52},"model":"modelengine:ds_duke_snipperjack_phase_2/rightfoot"},{"predicate":{"custom_model_data":53},"model":"modelengine:ds_duke_snipperjack_phase_2/leftarmlower"},{"predicate":{"custom_model_data":54},"model":"modelengine:ds_duke_snipperjack_phase_2/rightarmlower"},{"predicate":{"custom_model_data":55},"model":"modelengine:ds_duke_snipperjack_phase_2/monocle"},{"predicate":{"custom_model_data":56},"model":"modelengine:ds_duke_snipperjack_phase_2/scissor"},{"predicate":{"custom_model_data":57},"model":"modelengine:ds_duke_snipperjack_phase_2/scissor2"},{"predicate":{"custom_model_data":58},"model":"modelengine:ds_duke_snipperjack_non_emissive/lowerbody"},{"predicate":{"custom_model_data":59},"model":"modelengine:ds_duke_snipperjack_non_emissive/leftleg"},{"predicate":{"custom_model_data":60},"model":"modelengine:ds_duke_snipperjack_non_emissive/rightleg"},{"predicate":{"custom_model_data":61},"model":"modelengine:ds_duke_snipperjack_non_emissive/upperbody"},{"predicate":{"custom_model_data":62},"model":"modelengine:ds_duke_snipperjack_non_emissive/lowersuit"},{"predicate":{"custom_model_data":63},"model":"modelengine:ds_duke_snipperjack_non_emissive/leftleglower"},{"predicate":{"custom_model_data":64},"model":"modelengine:ds_duke_snipperjack_non_emissive/rightleglower"},{"predicate":{"custom_model_data":65},"model":"modelengine:ds_duke_snipperjack_non_emissive/leftarm"},{"predicate":{"custom_model_data":66},"model":"modelengine:ds_duke_snipperjack_non_emissive/rightarm"},{"predicate":{"custom_model_data":67},"model":"modelengine:ds_duke_snipperjack_non_emissive/head"},{"predicate":{"custom_model_data":68},"model":"modelengine:ds_duke_snipperjack_non_emissive/leftfoot"},{"predicate":{"custom_model_data":69},"model":"modelengine:ds_duke_snipperjack_non_emissive/rightfoot"},{"predicate":{"custom_model_data":70},"model":"modelengine:ds_duke_snipperjack_non_emissive/leftarmlower"},{"predicate":{"custom_model_data":71},"model":"modelengine:ds_duke_snipperjack_non_emissive/rightarmlower"},{"predicate":{"custom_model_data":72},"model":"modelengine:ds_duke_snipperjack_non_emissive/blade"},{"predicate":{"custom_model_data":73},"model":"modelengine:ds_duke_snipperjack_non_emissive/pocketwatch"},{"predicate":{"custom_model_data":74},"model":"modelengine:ds_duke_snipperjack_non_emissive/puppet"},{"predicate":{"custom_model_data":75},"model":"modelengine:ds_duke_snipperjack_non_emissive/knife"},{"predicate":{"custom_model_data":76},"model":"modelengine:ds_duke_snipperjack_non_emissive/mustache"},{"predicate":{"custom_model_data":77},"model":"modelengine:ds_duke_snipperjack_phase_1/lowerbody"},{"predicate":{"custom_model_data":78},"model":"modelengine:ds_duke_snipperjack_phase_1/leftleg"},{"predicate":{"custom_model_data":79},"model":"modelengine:ds_duke_snipperjack_phase_1/rightleg"},{"predicate":{"custom_model_data":80},"model":"modelengine:ds_duke_snipperjack_phase_1/upperbody"},{"predicate":{"custom_model_data":81},"model":"modelengine:ds_duke_snipperjack_phase_1/lowersuit"},{"predicate":{"custom_model_data":82},"model":"modelengine:ds_duke_snipperjack_phase_1/leftleglower"},{"predicate":{"custom_model_data":83},"model":"modelengine:ds_duke_snipperjack_phase_1/rightleglower"},{"predicate":{"custom_model_data":84},"model":"modelengine:ds_duke_snipperjack_phase_1/leftarm"},{"predicate":{"custom_model_data":85},"model":"modelengine:ds_duke_snipperjack_phase_1/rightarm"},{"predicate":{"custom_model_data":86},"model":"modelengine:ds_duke_snipperjack_phase_1/head"},{"predicate":{"custom_model_data":87},"model":"modelengine:ds_duke_snipperjack_phase_1/leftloot"},{"predicate":{"custom_model_data":88},"model":"modelengine:ds_duke_snipperjack_phase_1/rightfoot"},{"predicate":{"custom_model_data":89},"model":"modelengine:ds_duke_snipperjack_phase_1/leftarmlower"},{"predicate":{"custom_model_data":90},"model":"modelengine:ds_duke_snipperjack_phase_1/rightarmlower"},{"predicate":{"custom_model_data":91},"model":"modelengine:ds_duke_snipperjack_phase_1/blade"},{"predicate":{"custom_model_data":92},"model":"modelengine:ds_duke_snipperjack_phase_1/pocketwatch"},{"predicate":{"custom_model_data":93},"model":"modelengine:ds_duke_snipperjack_phase_1/puppet"},{"predicate":{"custom_model_data":94},"model":"modelengine:ds_duke_snipperjack_phase_1/knife"},{"predicate":{"custom_model_data":95},"model":"modelengine:ds_duke_snipperjack_phase_1/mustache"},{"predicate":{"custom_model_data":96},"model":"modelengine:aloc_the_demonic_mech/main"},{"predicate":{"custom_model_data":97},"model":"modelengine:aloc_the_demonic_mech/sub_body3"},{"predicate":{"custom_model_data":98},"model":"modelengine:aloc_the_demonic_mech/sub_body2"},{"predicate":{"custom_model_data":99},"model":"modelengine:aloc_the_demonic_mech/sub_body1"},{"predicate":{"custom_model_data":100},"model":"modelengine:aloc_the_demonic_mech/body_main"},{"predicate":{"custom_model_data":101},"model":"modelengine:aloc_the_demonic_mech/head"},{"predicate":{"custom_model_data":102},"model":"modelengine:aloc_the_demonic_mech/arm2"},{"predicate":{"custom_model_data":103},"model":"modelengine:aloc_the_demonic_mech/arm1"},{"predicate":{"custom_model_data":104},"model":"modelengine:aloc_the_demonic_mech/horn2"},{"predicate":{"custom_model_data":105},"model":"modelengine:aloc_the_demonic_mech/horn1"},{"predicate":{"custom_model_data":106},"model":"modelengine:aloc_the_demonic_mech/sub_arm2"},{"predicate":{"custom_model_data":107},"model":"modelengine:aloc_the_demonic_mech/sub_arm1"},{"predicate":{"custom_model_data":108},"model":"modelengine:aloc_the_demonic_mech/hand2"},{"predicate":{"custom_model_data":109},"model":"modelengine:aloc_the_demonic_mech/hand1"}],"parent":"minecraft:item/generated","textures":{"layer0":"minecraft:item/leather_horse_armor"}}