{"textures":{"0":"modelengine:entity/ds_pumpkin_puppet","particle":"#0"},"elements":[{"from":[4.0,-4.0,6.0],"to":[12.0,11.0,10.0],"faces":{"east":{"uv":[5.0,8.75,6.0,12.5],"tintindex":0,"rotation":0,"texture":"#0"},"south":{"uv":[3.0,3.75,5.0,7.5],"tintindex":0,"rotation":0,"texture":"#0"},"north":{"uv":[3.0,0.0,5.0,3.75],"tintindex":0,"rotation":0,"texture":"#0"},"west":{"uv":[6.0,8.75,7.0,12.5],"tintindex":0,"rotation":0,"texture":"#0"},"up":{"uv":[2.0,11.25,0.0,10.25],"tintindex":0,"rotation":0,"texture":"#0"},"down":{"uv":[2.0,11.25,0.0,12.25],"tintindex":0,"rotation":0,"texture":"#0"}}},{"from":[4.5,4.0,6.5],"to":[11.5,11.0,9.5],"faces":{"east":{"uv":[4.0,9.5,4.75,11.25],"tintindex":0,"rotation":0,"texture":"#0"},"south":{"uv":[8.75,10.0,10.5,11.75],"tintindex":0,"rotation":0,"texture":"#0"},"north":{"uv":[7.0,10.0,8.75,11.75],"tintindex":0,"rotation":0,"texture":"#0"},"west":{"uv":[4.0,11.25,4.75,13.0],"tintindex":0,"rotation":0,"texture":"#0"},"up":{"uv":[3.75,12.25,2.0,11.5],"tintindex":0,"rotation":0,"texture":"#0"},"down":{"uv":[13.25,3.5,11.5,4.25],"tintindex":0,"rotation":0,"texture":"#0"}}}],"display":{"head":{"rotation":[0.0,0.0,0.0]},"firstperson_righthand":{"rotation":[0.0,0.0,0.0]},"thirdperson_lefthand":{"rotation":[0.0,-0.0,-0.0]},"firstperson_lefthand":{"rotation":[0.0,-0.0,-0.0]},"fixed":{"rotation":[0.0,0.0,0.0]},"ground":{"rotation":[0.0,0.0,0.0]},"thirdperson_righthand":{"rotation":[0.0,0.0,0.0]},"gui":{"rotation":[-150.0,-45.0,180.0]}}}