{"textures":{"0":"modelengine:entity/ds_pumpkin_puppet","particle":"#0"},"elements":[{"from":[4.5,15.676666,6.0833335],"to":[11.5,23.676664,13.083334],"faces":{"east":{"uv":[9.75,4.0,11.5,6.0],"tintindex":0,"rotation":0,"texture":"#0"},"south":{"uv":[9.75,6.0,11.5,8.0],"tintindex":0,"rotation":0,"texture":"#0"},"north":{"uv":[2.25,9.5,4.0,11.5],"tintindex":0,"rotation":0,"texture":"#0"},"west":{"uv":[9.75,8.0,11.5,10.0],"tintindex":0,"rotation":0,"texture":"#0"},"up":{"uv":[11.75,1.75,10.0,0.0],"tintindex":0,"rotation":0,"texture":"#0"},"down":{"uv":[11.75,1.75,10.0,3.5],"tintindex":0,"rotation":0,"texture":"#0"}}},{"from":[2.0,15.666666,3.5833335],"to":[2.0,16.666666,15.583334],"faces":{"east":{"uv":[11.5,8.75,14.5,9.0],"tintindex":0,"rotation":0,"texture":"#0"},"west":{"uv":[11.5,9.0,14.5,9.25],"tintindex":0,"rotation":0,"texture":"#0"}}},{"from":[3.25,7.916666,5.3333335],"to":[12.75,15.416666,13.833334],"faces":{"east":{"uv":[7.5,8.0,9.75,10.0],"tintindex":0,"rotation":0,"texture":"#0"},"south":{"uv":[2.5,7.5,5.0,9.5],"tintindex":0,"rotation":0,"texture":"#0"},"north":{"uv":[7.5,2.0,10.0,4.0],"tintindex":0,"rotation":0,"texture":"#0"},"west":{"uv":[0.0,8.25,2.25,10.25],"tintindex":0,"rotation":0,"texture":"#0"},"up":{"uv":[7.5,6.75,5.0,4.5],"tintindex":0,"rotation":0,"texture":"#0"},"down":{"uv":[2.5,6.0,0.0,8.25],"tintindex":0,"rotation":0,"texture":"#0"}}},{"from":[2.0,15.666666,15.583334],"to":[14.0,16.666666,15.583334],"faces":{"south":{"uv":[11.5,9.5,14.5,9.75],"tintindex":0,"rotation":0,"texture":"#0"},"north":{"uv":[11.5,9.25,14.5,9.5],"tintindex":0,"rotation":0,"texture":"#0"}}},{"from":[2.0,15.666666,3.5833335],"to":[14.0,16.666666,3.5833335],"faces":{"south":{"uv":[11.75,2.75,14.75,3.0],"tintindex":0,"rotation":0,"texture":"#0"},"north":{"uv":[11.75,2.5,14.75,2.75],"tintindex":0,"rotation":0,"texture":"#0"}}},{"from":[3.0,7.666666,4.8333335],"to":[13.0,11.666666,4.8333335],"faces":{"south":{"uv":[10.5,11.0,13.0,12.0],"tintindex":0,"rotation":0,"texture":"#0"},"north":{"uv":[10.5,10.0,13.0,11.0],"tintindex":0,"rotation":0,"texture":"#0"}}},{"from":[2.0,15.676666,3.5833335],"to":[14.0,15.676666,15.583334],"faces":{"up":{"uv":[3.0,3.0,0.0,0.0],"tintindex":0,"rotation":0,"texture":"#0"},"down":{"uv":[3.0,3.0,0.0,6.0],"tintindex":0,"rotation":0,"texture":"#0"}}},{"from":[14.0,15.666666,3.5833335],"to":[14.0,16.666666,15.583334],"faces":{"east":{"uv":[11.5,9.75,14.5,10.0],"tintindex":0,"rotation":0,"texture":"#0"},"west":{"uv":[11.75,2.25,14.75,2.5],"tintindex":0,"rotation":0,"texture":"#0"}}},{"from":[3.0,7.666666,5.0833335],"to":[13.0,15.666666,14.083334],"faces":{"east":{"uv":[7.5,4.0,9.75,6.0],"tintindex":0,"rotation":0,"texture":"#0"},"south":{"uv":[7.5,0.0,10.0,2.0],"tintindex":0,"rotation":0,"texture":"#0"},"north":{"uv":[5.0,6.75,7.5,8.75],"tintindex":0,"rotation":0,"texture":"#0"},"west":{"uv":[7.5,6.0,9.75,8.0],"tintindex":0,"rotation":0,"texture":"#0"},"up":{"uv":[7.5,2.25,5.0,0.0],"tintindex":0,"rotation":0,"texture":"#0"},"down":{"uv":[7.5,2.25,5.0,4.5],"tintindex":0,"rotation":0,"texture":"#0"}}}],"display":{"head":{"rotation":[0.0,0.0,0.0]},"firstperson_righthand":{"rotation":[0.0,0.0,0.0]},"thirdperson_lefthand":{"rotation":[0.0,-0.0,-0.0]},"firstperson_lefthand":{"rotation":[0.0,-0.0,-0.0]},"fixed":{"rotation":[0.0,0.0,0.0]},"ground":{"rotation":[0.0,0.0,0.0]},"thirdperson_righthand":{"rotation":[0.0,0.0,0.0]},"gui":{"rotation":[-150.0,-45.0,180.0]}}}