{"textures":{"0":"modelengine:entity/ds_pumpkin_puppet","particle":"#0"},"elements":[{"from":[6.5,-1.0,7.5],"to":[7.5,7.0,8.5],"faces":{"east":{"uv":[9.5,11.75,9.75,13.75],"tintindex":0,"rotation":0,"texture":"#0"},"south":{"uv":[9.75,11.75,10.0,13.75],"tintindex":0,"rotation":0,"texture":"#0"},"north":{"uv":[9.25,11.75,9.5,13.75],"tintindex":0,"rotation":0,"texture":"#0"},"west":{"uv":[10.0,11.75,10.25,13.75],"tintindex":0,"rotation":0,"texture":"#0"},"up":{"uv":[2.5,9.0,2.25,8.75],"tintindex":0,"rotation":0,"texture":"#0"},"down":{"uv":[2.5,9.0,2.25,9.25],"tintindex":0,"rotation":0,"texture":"#0"}}},{"from":[6.0,-1.0,7.0],"to":[8.0,8.0,9.0],"faces":{"east":{"uv":[11.5,6.5,12.0,8.75],"tintindex":0,"rotation":0,"texture":"#0"},"south":{"uv":[11.75,0.0,12.25,2.25],"tintindex":0,"rotation":0,"texture":"#0"},"north":{"uv":[11.5,4.25,12.0,6.5],"tintindex":0,"rotation":0,"texture":"#0"},"west":{"uv":[7.0,11.75,7.5,14.0],"tintindex":0,"rotation":0,"texture":"#0"},"up":{"uv":[7.5,9.25,7.0,8.75],"tintindex":0,"rotation":0,"texture":"#0"},"down":{"uv":[7.5,9.25,7.0,9.75],"tintindex":0,"rotation":0,"texture":"#0"}}}],"display":{"head":{"rotation":[0.0,0.0,0.0]},"firstperson_righthand":{"rotation":[0.0,0.0,0.0]},"thirdperson_lefthand":{"rotation":[0.0,-0.0,-0.0]},"firstperson_lefthand":{"rotation":[0.0,-0.0,-0.0]},"fixed":{"rotation":[0.0,0.0,0.0]},"ground":{"rotation":[0.0,0.0,0.0]},"thirdperson_righthand":{"rotation":[0.0,0.0,0.0]},"gui":{"rotation":[-150.0,-45.0,180.0]}}}