{"textures":{"0":"modelengine:entity/ds_pumpkin_puppet","particle":"#0"},"elements":[{"from":[8.5,-1.0,7.5],"to":[9.5,7.0,8.5],"faces":{"east":{"uv":[3.75,11.5,4.0,13.5],"tintindex":0,"rotation":0,"texture":"#0"},"south":{"uv":[4.75,11.5,5.0,13.5],"tintindex":0,"rotation":0,"texture":"#0"},"north":{"uv":[4.75,9.5,5.0,11.5],"tintindex":0,"rotation":0,"texture":"#0"},"west":{"uv":[9.0,11.75,9.25,13.75],"tintindex":0,"rotation":0,"texture":"#0"},"up":{"uv":[2.5,8.5,2.25,8.25],"tintindex":0,"rotation":0,"texture":"#0"},"down":{"uv":[2.5,8.5,2.25,8.75],"tintindex":0,"rotation":0,"texture":"#0"}}},{"from":[8.0,2.0,7.0],"to":[10.0,8.0,9.0],"faces":{"east":{"uv":[7.5,11.75,8.0,13.25],"tintindex":0,"rotation":0,"texture":"#0"},"south":{"uv":[8.0,11.75,8.5,13.25],"tintindex":0,"rotation":0,"texture":"#0"},"north":{"uv":[2.5,6.0,3.0,7.5],"tintindex":0,"rotation":0,"texture":"#0"},"west":{"uv":[8.5,11.75,9.0,13.25],"tintindex":0,"rotation":0,"texture":"#0"},"up":{"uv":[10.5,4.0,10.0,3.5],"tintindex":0,"rotation":0,"texture":"#0"},"down":{"uv":[11.0,3.5,10.5,4.0],"tintindex":0,"rotation":0,"texture":"#0"}}}],"display":{"head":{"rotation":[0.0,0.0,0.0]},"firstperson_righthand":{"rotation":[0.0,0.0,0.0]},"thirdperson_lefthand":{"rotation":[0.0,-0.0,-0.0]},"firstperson_lefthand":{"rotation":[0.0,-0.0,-0.0]},"fixed":{"rotation":[0.0,0.0,0.0]},"ground":{"rotation":[0.0,0.0,0.0]},"thirdperson_righthand":{"rotation":[0.0,0.0,0.0]},"gui":{"rotation":[-150.0,-45.0,180.0]}}}