{"textures":{"0":"modelengine:entity/zc_corrupted_spire","particle":"#0"},"elements":[{"from":[5.0,20.0,12.0],"to":[5.0,25.0,14.0],"faces":{"east":{"uv":[4.5,6.875,4.75,7.5],"tintindex":0,"rotation":0,"texture":"#0"},"west":{"uv":[7.0,2.625,7.25,3.25],"tintindex":0,"rotation":0,"texture":"#0"}}},{"from":[0.0,12.0,6.0],"to":[2.0,12.0,11.0],"faces":{"up":{"uv":[6.25,7.625,6.0,7.0],"tintindex":0,"rotation":0,"texture":"#0"},"down":{"uv":[6.5,7.0,6.25,7.625],"tintindex":0,"rotation":0,"texture":"#0"}}},{"from":[8.0,19.0,0.0],"to":[8.0,22.0,2.0],"faces":{"east":{"uv":[5.0,4.125,5.25,4.5],"tintindex":0,"rotation":0,"texture":"#0"},"west":{"uv":[6.75,3.25,7.0,3.625],"tintindex":0,"rotation":0,"texture":"#0"}}},{"from":[2.0,20.306562,1.5411959],"to":[7.0,30.306564,1.5411959],"faces":{"south":{"uv":[0.625,9.25,1.25,10.5],"tintindex":0,"rotation":0,"texture":"#0"},"north":{"uv":[0.0,9.25,0.625,10.5],"tintindex":0,"rotation":0,"texture":"#0"}},"rotation":{"origin":[5.0,24.306564,2.5411959],"angle":-22.5,"axis":"x"}},{"from":[3.0,12.0,1.0],"to":[6.0,17.0,4.0],"faces":{"east":{"uv":[5.25,3.75,5.625,4.375],"tintindex":0,"rotation":0,"texture":"#0"},"south":{"uv":[5.5,0.75,5.875,1.375],"tintindex":0,"rotation":0,"texture":"#0"},"north":{"uv":[5.125,0.75,5.5,1.375],"tintindex":0,"rotation":0,"texture":"#0"},"west":{"uv":[6.375,2.625,6.75,3.25],"tintindex":0,"rotation":0,"texture":"#0"},"up":{"uv":[6.75,3.625,6.375,3.25],"tintindex":0,"rotation":0,"texture":"#0"},"down":{"uv":[7.0,0.0,6.625,0.375],"tintindex":0,"rotation":0,"texture":"#0"}}},{"from":[2.0,8.0,5.0],"to":[9.0,27.0,12.0],"faces":{"east":{"uv":[4.75,4.625,5.625,7.0],"tintindex":0,"rotation":0,"texture":"#0"},"south":{"uv":[7.375,4.625,8.25,7.0],"tintindex":0,"rotation":0,"texture":"#0"},"north":{"uv":[5.625,4.625,6.5,7.0],"tintindex":0,"rotation":0,"texture":"#0"},"west":{"uv":[6.5,4.625,7.375,7.0],"tintindex":0,"rotation":0,"texture":"#0"},"up":{"uv":[6.5,4.625,5.625,3.75],"tintindex":0,"rotation":0,"texture":"#0"},"down":{"uv":[7.375,3.75,6.5,4.625],"tintindex":0,"rotation":0,"texture":"#0"}}},{"from":[4.0,14.0,2.0],"to":[9.0,23.0,7.0],"faces":{"east":{"uv":[6.75,7.625,7.375,8.75],"tintindex":0,"rotation":0,"texture":"#0"},"south":{"uv":[8.625,7.625,9.25,8.75],"tintindex":0,"rotation":0,"texture":"#0"},"north":{"uv":[7.375,7.625,8.0,8.75],"tintindex":0,"rotation":0,"texture":"#0"},"west":{"uv":[8.0,7.625,8.625,8.75],"tintindex":0,"rotation":0,"texture":"#0"},"up":{"uv":[8.0,7.625,7.375,7.0],"tintindex":0,"rotation":0,"texture":"#0"},"down":{"uv":[8.625,7.0,8.0,7.625],"tintindex":0,"rotation":0,"texture":"#0"}}},{"from":[1.0,15.0,9.0],"to":[3.0,18.0,13.0],"faces":{"east":{"uv":[3.75,4.5,4.25,4.875],"tintindex":0,"rotation":0,"texture":"#0"},"south":{"uv":[5.0,3.75,5.25,4.125],"tintindex":0,"rotation":0,"texture":"#0"},"north":{"uv":[4.875,0.75,5.125,1.125],"tintindex":0,"rotation":0,"texture":"#0"},"west":{"uv":[4.25,4.5,4.75,4.875],"tintindex":0,"rotation":0,"texture":"#0"},"up":{"uv":[1.375,5.0,1.125,4.5],"tintindex":0,"rotation":0,"texture":"#0"},"down":{"uv":[4.875,0.75,4.625,1.25],"tintindex":0,"rotation":0,"texture":"#0"}}},{"from":[3.0,22.0,12.0],"to":[9.0,22.0,14.0],"faces":{"up":{"uv":[3.75,7.125,3.0,6.875],"tintindex":0,"rotation":0,"texture":"#0"},"down":{"uv":[4.5,6.875,3.75,7.125],"tintindex":0,"rotation":0,"texture":"#0"}}}],"display":{"head":{"rotation":[0.0,0.0,0.0]},"firstperson_righthand":{"rotation":[0.0,0.0,0.0]},"thirdperson_lefthand":{"rotation":[0.0,-0.0,-0.0]},"firstperson_lefthand":{"rotation":[0.0,-0.0,-0.0]},"fixed":{"rotation":[0.0,0.0,0.0]},"ground":{"rotation":[0.0,0.0,0.0]},"thirdperson_righthand":{"rotation":[0.0,0.0,0.0]},"gui":{"rotation":[-150.0,-45.0,180.0]}}}