{"textures":{"0":"modelengine:entity/zc_corrupted_spire","particle":"#0"},"elements":[{"from":[4.0,1.9486942,9.422274],"to":[12.0,15.948694,20.422274],"faces":{"east":{"uv":[0.0,5.125,1.375,6.875],"tintindex":0,"rotation":0,"texture":"#0"},"south":{"uv":[3.75,5.125,4.75,6.875],"tintindex":0,"rotation":0,"texture":"#0"},"north":{"uv":[1.375,5.125,2.375,6.875],"tintindex":0,"rotation":0,"texture":"#0"},"west":{"uv":[2.375,5.125,3.75,6.875],"tintindex":0,"rotation":0,"texture":"#0"},"up":{"uv":[2.375,5.125,1.375,3.75],"tintindex":0,"rotation":0,"texture":"#0"},"down":{"uv":[3.375,3.75,2.375,5.125],"tintindex":0,"rotation":0,"texture":"#0"}},"rotation":{"origin":[14.009779,25.874657,9.076433],"angle":22.5,"axis":"x"}}],"display":{"head":{"rotation":[0.0,0.0,0.0]},"firstperson_righthand":{"rotation":[0.0,0.0,0.0]},"thirdperson_lefthand":{"rotation":[0.0,-0.0,-0.0]},"firstperson_lefthand":{"rotation":[0.0,-0.0,-0.0]},"fixed":{"rotation":[0.0,0.0,0.0]},"ground":{"rotation":[0.0,0.0,0.0]},"thirdperson_righthand":{"rotation":[0.0,0.0,0.0]},"gui":{"rotation":[-150.0,-45.0,180.0]}}}