{"textures":{"0":"modelengine:entity/zc_corrupted_spire","particle":"#0"},"elements":[{"from":[1.3212156,6.4671574,0.0],"to":[4.3212156,6.4671574,2.0],"faces":{"up":{"uv":[4.625,5.125,4.25,4.875],"tintindex":0,"rotation":0,"texture":"#0"},"down":{"uv":[5.625,4.375,5.25,4.625],"tintindex":0,"rotation":0,"texture":"#0"}}},{"from":[-0.6787844,1.4671574,2.0],"to":[7.3212156,14.467157,10.0],"faces":{"east":{"uv":[6.0,1.0,7.0,2.625],"tintindex":0,"rotation":0,"texture":"#0"},"south":{"uv":[9.0,1.0,10.0,2.625],"tintindex":0,"rotation":0,"texture":"#0"},"north":{"uv":[7.0,1.0,8.0,2.625],"tintindex":0,"rotation":0,"texture":"#0"},"west":{"uv":[8.0,1.0,9.0,2.625],"tintindex":0,"rotation":0,"texture":"#0"},"up":{"uv":[8.0,1.0,7.0,0.0],"tintindex":0,"rotation":0,"texture":"#0"},"down":{"uv":[9.0,0.0,8.0,1.0],"tintindex":0,"rotation":0,"texture":"#0"}}},{"from":[5.3212156,6.4671574,-4.0],"to":[5.3212156,19.467157,3.0],"faces":{"east":{"uv":[7.625,8.75,8.5,10.375],"tintindex":0,"rotation":0,"texture":"#0"},"west":{"uv":[8.5,8.75,9.375,10.375],"tintindex":0,"rotation":0,"texture":"#0"}}},{"from":[0.9259887,13.534897,6.0],"to":[7.9259887,25.534895,6.0],"faces":{"south":{"uv":[6.75,8.75,7.625,10.25],"tintindex":0,"rotation":0,"texture":"#0"},"north":{"uv":[7.375,2.625,8.25,4.125],"tintindex":0,"rotation":0,"texture":"#0"}},"rotation":{"origin":[2.9259887,2.5348969,7.0],"angle":-22.5,"axis":"z"}},{"from":[1.8509016,12.353401,4.0],"to":[6.8509016,20.353403,8.0],"faces":{"east":{"uv":[8.25,5.5,8.75,6.5],"tintindex":0,"rotation":0,"texture":"#0"},"south":{"uv":[9.875,5.5,10.5,6.5],"tintindex":0,"rotation":0,"texture":"#0"},"north":{"uv":[8.75,5.5,9.375,6.5],"tintindex":0,"rotation":0,"texture":"#0"},"west":{"uv":[9.375,5.5,9.875,6.5],"tintindex":0,"rotation":0,"texture":"#0"},"up":{"uv":[9.375,5.5,8.75,5.0],"tintindex":0,"rotation":0,"texture":"#0"},"down":{"uv":[10.0,5.0,9.375,5.5],"tintindex":0,"rotation":0,"texture":"#0"}},"rotation":{"origin":[2.3309946,10.296413,6.75],"angle":-22.5,"axis":"z"}}],"display":{"head":{"rotation":[0.0,0.0,0.0]},"firstperson_righthand":{"rotation":[0.0,0.0,0.0]},"thirdperson_lefthand":{"rotation":[0.0,-0.0,-0.0]},"firstperson_lefthand":{"rotation":[0.0,-0.0,-0.0]},"fixed":{"rotation":[0.0,0.0,0.0]},"ground":{"rotation":[0.0,0.0,0.0]},"thirdperson_righthand":{"rotation":[0.0,0.0,0.0]},"gui":{"rotation":[-150.0,-45.0,180.0]}}}