{"textures":{"1":"modelengine:entity/scarecrow_swipe_fx2","particle":"#1"},"elements":[{"from":[-13.333334,8.0,-13.333334],"to":[29.333334,8.0,29.333334],"faces":{"up":{"uv":[0.0,16.0,16.0,0.0],"tintindex":0,"rotation":0,"texture":"#1"},"down":{"uv":[0.0,0.0,16.0,16.0],"tintindex":0,"rotation":0,"texture":"#1"}}}],"display":{"head":{"rotation":[0.0,0.0,0.0]},"firstperson_righthand":{"rotation":[0.0,0.0,0.0]},"thirdperson_lefthand":{"rotation":[0.0,-0.0,-0.0]},"firstperson_lefthand":{"rotation":[0.0,-0.0,-0.0]},"fixed":{"rotation":[0.0,0.0,0.0]},"ground":{"rotation":[0.0,0.0,0.0]},"thirdperson_righthand":{"rotation":[0.0,0.0,0.0]},"gui":{"rotation":[-150.0,-45.0,180.0]}}}