{"textures":{"0":"modelengine:entity/ds_duke_snipperjack","particle":"#0"},"elements":[{"from":[4.0,7.0,5.5],"to":[12.0,15.0,10.5],"faces":{"east":{"uv":[4.25,5.375,4.875,6.375],"tintindex":0,"rotation":0,"texture":"#0"},"south":{"uv":[5.5,3.0,6.5,4.0],"tintindex":0,"rotation":0,"texture":"#0"},"north":{"uv":[3.25,5.375,4.25,6.375],"tintindex":0,"rotation":0,"texture":"#0"},"west":{"uv":[7.25,4.125,7.875,5.125],"tintindex":0,"rotation":0,"texture":"#0"},"up":{"uv":[8.375,0.625,7.375,0.0],"tintindex":0,"rotation":0,"texture":"#0"},"down":{"uv":[8.375,0.625,7.375,1.25],"tintindex":0,"rotation":0,"texture":"#0"}}},{"from":[4.0,7.0,10.497],"to":[12.0,15.0,10.497],"faces":{"south":{"uv":[5.875,4.0,6.875,5.0],"tintindex":0,"rotation":0,"texture":"#0"},"north":{"uv":[5.625,2.0,6.625,3.0],"tintindex":0,"rotation":0,"texture":"#0"}}},{"from":[4.5,8.0,6.5],"to":[11.5,15.0,9.5],"faces":{"east":{"uv":[8.5,5.75,8.875,6.625],"tintindex":0,"rotation":0,"texture":"#0"},"south":{"uv":[4.125,6.375,5.0,7.25],"tintindex":0,"rotation":0,"texture":"#0"},"north":{"uv":[3.25,6.375,4.125,7.25],"tintindex":0,"rotation":0,"texture":"#0"},"west":{"uv":[8.625,1.5,9.0,2.375],"tintindex":0,"rotation":0,"texture":"#0"},"up":{"uv":[9.5,5.375,8.625,5.0],"tintindex":0,"rotation":0,"texture":"#0"},"down":{"uv":[9.5,5.375,8.625,5.75],"tintindex":0,"rotation":0,"texture":"#0"}}}],"display":{"head":{"rotation":[0.0,0.0,0.0]},"firstperson_righthand":{"rotation":[0.0,0.0,0.0]},"thirdperson_lefthand":{"rotation":[0.0,-0.0,-0.0]},"firstperson_lefthand":{"rotation":[0.0,-0.0,-0.0]},"fixed":{"rotation":[0.0,0.0,0.0]},"ground":{"rotation":[0.0,0.0,0.0]},"thirdperson_righthand":{"rotation":[0.0,0.0,0.0]},"gui":{"rotation":[-150.0,-45.0,180.0]}}}