{"textures":{"0":"modelengine:entity/pumpkin_king_tombstone","particle":"#0"},"elements":[{"from":[-5.0,8.0,12.0],"to":[1.0,13.0,16.0],"faces":{"east":{"uv":[9.625,10.5,10.125,11.125],"tintindex":0,"rotation":0,"texture":"#0"},"south":{"uv":[10.75,0.0,11.5,0.625],"tintindex":0,"rotation":0,"texture":"#0"},"north":{"uv":[10.75,0.625,11.5,1.25],"tintindex":0,"rotation":0,"texture":"#0"},"west":{"uv":[8.875,9.5,9.375,10.125],"tintindex":0,"rotation":0,"texture":"#0"},"up":{"uv":[10.75,1.75,11.5,2.25],"tintindex":0,"rotation":0,"texture":"#0"},"down":{"uv":[10.75,2.75,11.5,2.25],"tintindex":0,"rotation":0,"texture":"#0"}}},{"from":[1.0,8.0,0.0],"to":[10.0,12.0,6.0],"faces":{"east":{"uv":[10.625,5.0,11.375,5.5],"tintindex":0,"rotation":0,"texture":"#0"},"south":{"uv":[10.625,4.5,11.75,5.0],"tintindex":0,"rotation":0,"texture":"#0"},"north":{"uv":[10.625,4.0,11.75,4.5],"tintindex":0,"rotation":0,"texture":"#0"},"west":{"uv":[10.75,1.25,11.5,1.75],"tintindex":0,"rotation":0,"texture":"#0"},"up":{"uv":[10.5,3.75,9.375,3.0],"tintindex":0,"rotation":0,"texture":"#0"},"down":{"uv":[11.375,6.625,10.25,7.375],"tintindex":0,"rotation":0,"texture":"#0"}}},{"from":[5.0,8.0,0.0],"to":[15.0,18.0,0.0],"faces":{"south":{"uv":[8.125,8.25,9.375,9.5],"tintindex":0,"rotation":0,"texture":"#0"},"north":{"uv":[8.125,8.25,9.375,9.5],"tintindex":0,"rotation":0,"texture":"#0"}},"rotation":{"origin":[10.0,13.0,0.0],"angle":-22.5,"axis":"y"}},{"from":[6.0,8.0,10.0],"to":[15.0,12.0,16.0],"faces":{"east":{"uv":[10.75,1.25,11.5,1.75],"tintindex":0,"rotation":0,"texture":"#0"},"south":{"uv":[10.625,4.0,11.75,4.5],"tintindex":0,"rotation":0,"texture":"#0"},"north":{"uv":[10.625,4.5,11.75,5.0],"tintindex":0,"rotation":0,"texture":"#0"},"west":{"uv":[10.625,5.0,11.375,5.5],"tintindex":0,"rotation":0,"texture":"#0"},"up":{"uv":[9.375,3.0,10.5,3.75],"tintindex":0,"rotation":0,"texture":"#0"},"down":{"uv":[10.25,7.375,11.375,6.625],"tintindex":0,"rotation":0,"texture":"#0"}}},{"from":[1.0,8.0,16.0],"to":[11.0,18.0,16.0],"faces":{"south":{"uv":[8.125,8.25,9.375,9.5],"tintindex":0,"rotation":0,"texture":"#0"},"north":{"uv":[8.125,8.25,9.375,9.5],"tintindex":0,"rotation":0,"texture":"#0"}},"rotation":{"origin":[6.0,13.0,16.0],"angle":-22.5,"axis":"y"}},{"from":[15.0,8.0,0.0],"to":[21.0,13.0,4.0],"faces":{"east":{"uv":[8.875,9.5,9.375,10.125],"tintindex":0,"rotation":0,"texture":"#0"},"south":{"uv":[10.75,0.625,11.5,1.25],"tintindex":0,"rotation":0,"texture":"#0"},"north":{"uv":[10.75,0.0,11.5,0.625],"tintindex":0,"rotation":0,"texture":"#0"},"west":{"uv":[9.625,10.5,10.125,11.125],"tintindex":0,"rotation":0,"texture":"#0"},"up":{"uv":[11.5,2.25,10.75,1.75],"tintindex":0,"rotation":0,"texture":"#0"},"down":{"uv":[11.5,2.25,10.75,2.75],"tintindex":0,"rotation":0,"texture":"#0"}}}],"display":{"head":{"rotation":[0.0,0.0,0.0]},"firstperson_righthand":{"rotation":[0.0,0.0,0.0]},"thirdperson_lefthand":{"rotation":[0.0,-0.0,-0.0]},"firstperson_lefthand":{"rotation":[0.0,-0.0,-0.0]},"fixed":{"rotation":[0.0,0.0,0.0]},"ground":{"rotation":[0.0,0.0,0.0]},"thirdperson_righthand":{"rotation":[0.0,0.0,0.0]},"gui":{"rotation":[-150.0,-45.0,180.0]}}}