{"textures":{"0":"modelengine:entity/pumpkin_king_tombstone","particle":"#0"},"elements":[{"from":[11.0,8.0,9.952381],"to":[15.333334,23.333334,9.952381],"faces":{"south":{"uv":[6.375,0.0,4.75,5.75],"tintindex":0,"rotation":0,"texture":"#0"},"north":{"uv":[6.375,5.75,4.75,11.5],"tintindex":0,"rotation":0,"texture":"#0"}}},{"from":[4.9664984,8.057191,6.9190474],"to":[11.299831,24.390526,9.252381],"faces":{"east":{"uv":[2.75,6.125,3.625,12.25],"tintindex":0,"rotation":0,"texture":"#0"},"south":{"uv":[2.375,0.0,4.75,6.125],"tintindex":0,"rotation":0,"texture":"#0"},"north":{"uv":[4.75,0.0,2.375,6.125],"tintindex":0,"rotation":0,"texture":"#0"},"west":{"uv":[3.625,6.125,4.5,12.25],"tintindex":0,"rotation":0,"texture":"#0"},"up":{"uv":[10.625,4.625,8.25,3.75],"tintindex":0,"rotation":0,"texture":"#0"},"down":{"uv":[10.625,4.625,8.25,5.5],"tintindex":0,"rotation":0,"texture":"#0"}}},{"from":[5.2998314,7.3905244,6.885714],"to":[11.633165,23.723858,6.885714],"faces":{"south":{"uv":[13.625,0.0,16.0,6.125],"tintindex":0,"rotation":0,"texture":"#0"},"north":{"uv":[16.0,0.0,13.625,6.125],"tintindex":0,"rotation":0,"texture":"#0"}}},{"from":[3.333333,8.0,6.252381],"to":[5.333333,19.0,9.919047],"faces":{"east":{"uv":[2.75,6.125,1.375,10.25],"tintindex":0,"rotation":0,"texture":"#0"},"south":{"uv":[7.125,4.125,6.375,8.25],"tintindex":0,"rotation":0,"texture":"#0"},"north":{"uv":[7.125,0.0,6.375,4.125],"tintindex":0,"rotation":0,"texture":"#0"},"west":{"uv":[1.375,6.125,0.0,10.25],"tintindex":0,"rotation":0,"texture":"#0"},"up":{"uv":[9.375,9.125,10.125,7.75],"tintindex":0,"rotation":0,"texture":"#0"},"down":{"uv":[9.375,9.125,10.125,10.5],"tintindex":0,"rotation":0,"texture":"#0"}}},{"from":[8.966498,19.057192,6.5857143],"to":[11.299831,26.390526,9.585714],"faces":{"east":{"uv":[7.125,0.0,8.25,2.75],"tintindex":0,"rotation":0,"texture":"#0"},"south":{"uv":[8.0,5.5,8.875,8.25],"tintindex":0,"rotation":0,"texture":"#0"},"north":{"uv":[8.875,5.5,8.0,8.25],"tintindex":0,"rotation":0,"texture":"#0"},"west":{"uv":[7.125,2.75,8.25,5.5],"tintindex":0,"rotation":0,"texture":"#0"},"up":{"uv":[11.0,6.625,10.125,5.5],"tintindex":0,"rotation":0,"texture":"#0"},"down":{"uv":[11.0,9.125,10.125,10.25],"tintindex":0,"rotation":0,"texture":"#0"}},"rotation":{"origin":[10.133165,22.390526,8.085714],"angle":45.0,"axis":"z"}},{"from":[11.0,19.0,6.252381],"to":[13.0,21.666668,9.919047],"faces":{"east":{"uv":[8.875,6.75,10.25,7.75],"tintindex":0,"rotation":0,"texture":"#0"},"south":{"uv":[10.125,10.25,10.875,11.25],"tintindex":0,"rotation":0,"texture":"#0"},"north":{"uv":[1.75,10.25,2.5,11.25],"tintindex":0,"rotation":0,"texture":"#0"},"west":{"uv":[9.375,0.0,10.75,1.0],"tintindex":0,"rotation":0,"texture":"#0"},"up":{"uv":[8.875,10.875,8.125,9.5],"tintindex":0,"rotation":0,"texture":"#0"},"down":{"uv":[7.125,10.125,6.375,11.5],"tintindex":0,"rotation":0,"texture":"#0"}},"rotation":{"origin":[11.0,19.0,8.085714],"angle":-22.5,"axis":"z"}},{"from":[4.9595594,19.057192,6.5857143],"to":[7.2928934,24.057192,9.585714],"faces":{"east":{"uv":[8.25,0.0,9.375,1.875],"tintindex":0,"rotation":0,"texture":"#0"},"south":{"uv":[7.25,8.25,8.125,10.125],"tintindex":0,"rotation":0,"texture":"#0"},"north":{"uv":[8.125,8.25,7.25,10.125],"tintindex":0,"rotation":0,"texture":"#0"},"west":{"uv":[8.25,1.875,9.375,3.75],"tintindex":0,"rotation":0,"texture":"#0"},"up":{"uv":[0.875,11.375,0.0,10.25],"tintindex":0,"rotation":0,"texture":"#0"},"down":{"uv":[1.75,10.25,0.875,11.375],"tintindex":0,"rotation":0,"texture":"#0"}},"rotation":{"origin":[6.1262264,22.390526,8.085714],"angle":-45.0,"axis":"z"}},{"from":[1.0,8.0,6.2190475],"to":[5.333333,23.333334,6.2190475],"faces":{"south":{"uv":[6.375,5.75,4.75,11.5],"tintindex":0,"rotation":0,"texture":"#0"},"north":{"uv":[6.375,0.0,4.75,5.75],"tintindex":0,"rotation":0,"texture":"#0"}}},{"from":[11.0,8.0,6.252381],"to":[13.0,19.0,9.919047],"faces":{"east":{"uv":[0.0,6.125,1.375,10.25],"tintindex":0,"rotation":0,"texture":"#0"},"south":{"uv":[6.375,4.125,7.125,8.25],"tintindex":0,"rotation":0,"texture":"#0"},"north":{"uv":[6.375,0.0,7.125,4.125],"tintindex":0,"rotation":0,"texture":"#0"},"west":{"uv":[1.375,6.125,2.75,10.25],"tintindex":0,"rotation":0,"texture":"#0"},"up":{"uv":[10.125,9.125,9.375,7.75],"tintindex":0,"rotation":0,"texture":"#0"},"down":{"uv":[10.125,9.125,9.375,10.5],"tintindex":0,"rotation":0,"texture":"#0"}}},{"from":[1.0,8.0,9.952381],"to":[5.333333,23.333334,9.952381],"faces":{"south":{"uv":[4.75,0.0,6.375,5.75],"tintindex":0,"rotation":0,"texture":"#0"},"north":{"uv":[4.75,5.75,6.375,11.5],"tintindex":0,"rotation":0,"texture":"#0"}}},{"from":[3.333333,19.0,6.252381],"to":[5.333333,21.666668,9.919047],"faces":{"east":{"uv":[10.75,0.0,9.375,1.0],"tintindex":0,"rotation":0,"texture":"#0"},"south":{"uv":[10.875,10.25,10.125,11.25],"tintindex":0,"rotation":0,"texture":"#0"},"north":{"uv":[2.5,10.25,1.75,11.25],"tintindex":0,"rotation":0,"texture":"#0"},"west":{"uv":[10.25,6.75,8.875,7.75],"tintindex":0,"rotation":0,"texture":"#0"},"up":{"uv":[8.125,10.875,8.875,9.5],"tintindex":0,"rotation":0,"texture":"#0"},"down":{"uv":[6.375,10.125,7.125,11.5],"tintindex":0,"rotation":0,"texture":"#0"}},"rotation":{"origin":[5.333333,19.0,8.085714],"angle":22.5,"axis":"z"}},{"from":[11.0,8.0,6.2190475],"to":[15.333334,23.333334,6.2190475],"faces":{"south":{"uv":[4.75,5.75,6.375,11.5],"tintindex":0,"rotation":0,"texture":"#0"},"north":{"uv":[4.75,0.0,6.375,5.75],"tintindex":0,"rotation":0,"texture":"#0"}}},{"from":[2.3128438,21.46368,6.252381],"to":[4.3128443,24.130346,9.919047],"faces":{"east":{"uv":[10.75,2.0,9.375,3.0],"tintindex":0,"rotation":0,"texture":"#0"},"south":{"uv":[11.375,3.0,10.625,4.0],"tintindex":0,"rotation":0,"texture":"#0"},"north":{"uv":[9.625,10.5,8.875,11.5],"tintindex":0,"rotation":0,"texture":"#0"},"west":{"uv":[10.75,1.0,9.375,2.0],"tintindex":0,"rotation":0,"texture":"#0"},"up":{"uv":[7.125,11.5,7.875,10.125],"tintindex":0,"rotation":0,"texture":"#0"},"down":{"uv":[10.125,7.75,10.875,9.125],"tintindex":0,"rotation":0,"texture":"#0"}},"rotation":{"origin":[4.3128443,21.46368,8.085714],"angle":45.0,"axis":"z"}},{"from":[12.020489,21.46368,6.252381],"to":[14.02049,24.130346,9.919047],"faces":{"east":{"uv":[9.375,1.0,10.75,2.0],"tintindex":0,"rotation":0,"texture":"#0"},"south":{"uv":[10.625,3.0,11.375,4.0],"tintindex":0,"rotation":0,"texture":"#0"},"north":{"uv":[8.875,10.5,9.625,11.5],"tintindex":0,"rotation":0,"texture":"#0"},"west":{"uv":[9.375,2.0,10.75,3.0],"tintindex":0,"rotation":0,"texture":"#0"},"up":{"uv":[7.875,11.5,7.125,10.125],"tintindex":0,"rotation":0,"texture":"#0"},"down":{"uv":[10.875,7.75,10.125,9.125],"tintindex":0,"rotation":0,"texture":"#0"}},"rotation":{"origin":[12.020489,21.46368,8.085714],"angle":-45.0,"axis":"z"}}],"display":{"head":{"rotation":[0.0,0.0,0.0]},"firstperson_righthand":{"rotation":[0.0,0.0,0.0]},"thirdperson_lefthand":{"rotation":[0.0,-0.0,-0.0]},"firstperson_lefthand":{"rotation":[0.0,-0.0,-0.0]},"fixed":{"rotation":[0.0,0.0,0.0]},"ground":{"rotation":[0.0,0.0,0.0]},"thirdperson_righthand":{"rotation":[0.0,0.0,0.0]},"gui":{"rotation":[-150.0,-45.0,180.0]}}}