{"textures":{"0":"modelengine:entity/aloc_main","particle":"#0"},"elements":[{"from":[-3.0353556,-2.8186874,-7.004822],"to":[18.964645,19.181313,2.195179],"faces":{"east":{"uv":[10.0,2.9375,10.5625,4.3125],"tintindex":0,"rotation":0,"texture":"#0"},"south":{"uv":[0.0,5.875,1.375,7.25],"tintindex":0,"rotation":0,"texture":"#0"},"north":{"uv":[0.0,5.875,1.375,7.25],"tintindex":0,"rotation":0,"texture":"#0"},"west":{"uv":[10.0,4.3125,10.5625,2.9375],"tintindex":0,"rotation":0,"texture":"#0"},"up":{"uv":[8.25,10.6875,6.875,10.125],"tintindex":0,"rotation":0,"texture":"#0"},"down":{"uv":[6.875,10.125,8.25,10.6875],"tintindex":0,"rotation":0,"texture":"#0"}},"rotation":{"origin":[8.0,8.216667,-0.4048214],"angle":45.0,"axis":"z"}},{"from":[-14.4,6.2666683,-6.9048214],"to":[-3.3999996,10.266666,2.0951786],"faces":{"east":{"uv":[0.0625,7.1875,0.0,7.25],"tintindex":0,"rotation":0,"texture":"#0"},"south":{"uv":[13.375,6.5,14.0625,6.75],"tintindex":0,"rotation":0,"texture":"#0"},"north":{"uv":[14.0625,6.5,13.375,6.75],"tintindex":0,"rotation":0,"texture":"#0"},"west":{"uv":[14.4375,13.6875,13.875,13.9375],"tintindex":0,"rotation":0,"texture":"#0"},"up":{"uv":[3.3125,8.1875,4.0,7.625],"tintindex":0,"rotation":0,"texture":"#0"},"down":{"uv":[3.3125,7.625,4.0,8.1875],"tintindex":0,"rotation":0,"texture":"#0"}}},{"from":[19.4,6.2666683,-6.9048214],"to":[30.4,10.266666,2.0951786],"faces":{"east":{"uv":[13.875,13.6875,14.4375,13.9375],"tintindex":0,"rotation":0,"texture":"#0"},"south":{"uv":[14.0625,6.5,13.375,6.75],"tintindex":0,"rotation":0,"texture":"#0"},"north":{"uv":[13.375,6.5,14.0625,6.75],"tintindex":0,"rotation":0,"texture":"#0"},"west":{"uv":[0.0,7.1875,0.0625,7.25],"tintindex":0,"rotation":0,"texture":"#0"},"up":{"uv":[4.0,8.1875,3.3125,7.625],"tintindex":0,"rotation":0,"texture":"#0"},"down":{"uv":[4.0,7.625,3.3125,8.1875],"tintindex":0,"rotation":0,"texture":"#0"}}},{"from":[0.0,0.16666794,-10.904821],"to":[16.0,16.166668,-6.9048214],"faces":{"east":{"uv":[11.0,12.6875,11.25,13.6875],"tintindex":0,"rotation":0,"texture":"#0"},"south":{"uv":[6.3125,7.3125,6.375,7.375],"tintindex":0,"rotation":0,"texture":"#0"},"north":{"uv":[6.3125,7.3125,6.375,7.375],"tintindex":0,"rotation":0,"texture":"#0"},"west":{"uv":[11.25,12.6875,11.0,13.6875],"tintindex":0,"rotation":0,"texture":"#0"},"up":{"uv":[6.0,7.5,5.0,7.25],"tintindex":0,"rotation":0,"texture":"#0"},"down":{"uv":[6.0,7.25,5.0,7.5],"tintindex":0,"rotation":0,"texture":"#0"}}},{"from":[2.0,5.166668,2.0951786],"to":[14.0,11.166668,14.095179],"faces":{"east":{"uv":[12.9375,8.125,12.1875,8.5],"tintindex":0,"rotation":0,"texture":"#0"},"south":{"uv":[12.1875,7.75,12.9375,8.125],"tintindex":0,"rotation":0,"texture":"#0"},"north":{"uv":[12.1875,7.75,12.9375,8.125],"tintindex":0,"rotation":0,"texture":"#0"},"west":{"uv":[12.1875,8.125,12.9375,8.5],"tintindex":0,"rotation":0,"texture":"#0"},"up":{"uv":[2.4375,6.1875,1.6875,5.4375],"tintindex":0,"rotation":0,"texture":"#0"},"down":{"uv":[2.4375,5.4375,1.6875,6.1875],"tintindex":0,"rotation":0,"texture":"#0"}}}],"display":{"head":{"rotation":[0.0,0.0,0.0]},"firstperson_righthand":{"rotation":[0.0,0.0,0.0]},"thirdperson_lefthand":{"rotation":[0.0,-0.0,-0.0]},"firstperson_lefthand":{"rotation":[0.0,-0.0,-0.0]},"fixed":{"rotation":[0.0,0.0,0.0]},"ground":{"rotation":[0.0,0.0,0.0]},"thirdperson_righthand":{"rotation":[0.0,0.0,0.0]},"gui":{"rotation":[-150.0,-45.0,180.0]}}}