{"textures":{"0":"modelengine:entity/aloc_main","particle":"#0"},"elements":[{"from":[-5.511956,9.112648,1.1651769],"to":[0.4880433,9.162647,3.6651769],"faces":{"south":{"uv":[15.875,0.25,16.0,0.0],"tintindex":0,"rotation":0,"texture":"#0"},"up":{"uv":[6.5,5.625,7.25,5.9375],"tintindex":0,"rotation":0,"texture":"#0"},"down":{"uv":[6.5,5.9375,7.25,5.625],"tintindex":0,"rotation":0,"texture":"#0"}}},{"from":[-2.0473118,6.8772917,1.1651769],"to":[2.4526877,9.877293,4.165177],"faces":{"east":{"uv":[4.875,8.3125,4.3125,8.6875],"tintindex":0,"rotation":0,"texture":"#0"},"south":{"uv":[4.875,8.3125,4.3125,8.6875],"tintindex":0,"rotation":0,"texture":"#0"},"north":{"uv":[4.875,8.3125,4.3125,8.6875],"tintindex":0,"rotation":0,"texture":"#0"},"west":{"uv":[4.875,8.3125,4.3125,8.6875],"tintindex":0,"rotation":0,"texture":"#0"},"up":{"uv":[4.875,8.3125,4.3125,8.6875],"tintindex":0,"rotation":0,"texture":"#0"},"down":{"uv":[4.875,8.3125,4.3125,8.6875],"tintindex":0,"rotation":0,"texture":"#0"}},"rotation":{"origin":[7.988044,8.412647,5.183454],"angle":45.0,"axis":"z"}},{"from":[-6.4334736,11.112648,1.3069272],"to":[-0.4334736,11.162647,3.8069272],"faces":{"south":{"uv":[15.875,0.25,16.0,0.0],"tintindex":0,"rotation":0,"texture":"#0"},"up":{"uv":[6.5,5.625,7.25,5.3125],"tintindex":0,"rotation":0,"texture":"#0"},"down":{"uv":[6.5,5.3125,7.25,5.625],"tintindex":0,"rotation":0,"texture":"#0"}},"rotation":{"origin":[7.988044,8.412647,5.183454],"angle":-45.0,"axis":"y"}},{"from":[7.050544,-3.4008217,-1.467288],"to":[9.050543,3.5991793,2.0327115],"faces":{"east":{"uv":[11.6875,7.0625,12.5625,7.5],"tintindex":0,"rotation":270,"texture":"#0"},"south":{"uv":[5.875,12.9375,6.75,13.1875],"tintindex":0,"rotation":270,"texture":"#0"},"north":{"uv":[6.75,12.9375,5.875,13.1875],"tintindex":0,"rotation":90,"texture":"#0"},"west":{"uv":[11.6875,7.5,12.5625,7.0625],"tintindex":0,"rotation":270,"texture":"#0"},"up":{"uv":[6.4375,7.25,6.0,7.5],"tintindex":0,"rotation":270,"texture":"#0"},"down":{"uv":[6.4375,7.25,6.0,7.5],"tintindex":0,"rotation":270,"texture":"#0"}},"rotation":{"origin":[7.988044,8.412647,5.183454],"angle":22.5,"axis":"x"}},{"from":[15.488043,7.112647,1.6651769],"to":[21.488045,7.1626472,4.165177],"faces":{"south":{"uv":[16.0,0.25,15.875,0.0],"tintindex":0,"rotation":0,"texture":"#0"},"up":{"uv":[7.25,5.9375,6.5,5.625],"tintindex":0,"rotation":0,"texture":"#0"},"down":{"uv":[7.25,5.625,6.5,5.9375],"tintindex":0,"rotation":0,"texture":"#0"}}},{"from":[5.705201,-4.3701954,0.66517687],"to":[9.7052,-1.8701954,4.665177],"faces":{"east":{"uv":[12.0625,13.625,12.375,14.125],"tintindex":0,"rotation":270,"texture":"#0"},"south":{"uv":[12.0625,13.625,11.75,14.125],"tintindex":0,"rotation":270,"texture":"#0"},"north":{"uv":[13.9375,11.5,13.625,12.0],"tintindex":0,"rotation":90,"texture":"#0"},"west":{"uv":[13.625,12.5,13.9375,12.0],"tintindex":0,"rotation":270,"texture":"#0"},"up":{"uv":[13.125,12.75,12.625,13.25],"tintindex":0,"rotation":270,"texture":"#0"},"down":{"uv":[13.125,12.75,12.625,13.25],"tintindex":0,"rotation":270,"texture":"#0"}},"rotation":{"origin":[7.988044,8.412647,5.183454],"angle":45.0,"axis":"z"}},{"from":[13.452688,6.8772917,1.1651769],"to":[17.952688,9.877293,4.165177],"faces":{"east":{"uv":[4.3125,8.3125,4.875,8.6875],"tintindex":0,"rotation":0,"texture":"#0"},"south":{"uv":[4.3125,8.3125,4.875,8.6875],"tintindex":0,"rotation":0,"texture":"#0"},"north":{"uv":[4.3125,8.3125,4.875,8.6875],"tintindex":0,"rotation":0,"texture":"#0"},"west":{"uv":[4.3125,8.3125,4.875,8.6875],"tintindex":0,"rotation":0,"texture":"#0"},"up":{"uv":[4.3125,8.3125,4.875,8.6875],"tintindex":0,"rotation":0,"texture":"#0"},"down":{"uv":[4.3125,8.3125,4.875,8.6875],"tintindex":0,"rotation":0,"texture":"#0"}},"rotation":{"origin":[7.988044,8.412647,5.183454],"angle":45.0,"axis":"z"}},{"from":[8.16482,-1.4209843,-8.834824],"to":[8.214821,6.0790167,0.66517687],"faces":{"east":{"uv":[5.3125,4.75,6.5,5.6875],"tintindex":0,"rotation":180,"texture":"#0"},"west":{"uv":[5.3125,5.6875,6.5,4.75],"tintindex":0,"rotation":0,"texture":"#0"},"down":{"uv":[16.0,0.25,15.875,0.0],"tintindex":0,"rotation":90,"texture":"#0"}},"rotation":{"origin":[7.988044,8.412647,5.183454],"angle":-45.0,"axis":"z"}},{"from":[3.9880433,4.1626472,-4.3348236],"to":[11.988044,12.162647,-1.3348236],"faces":{"east":{"uv":[4.625,6.3125,5.0,7.3125],"tintindex":0,"rotation":0,"texture":"#0"},"south":{"uv":[2.0,8.4375,3.0,9.4375],"tintindex":0,"rotation":0,"texture":"#0"},"north":{"uv":[2.0,8.4375,3.0,9.4375],"tintindex":0,"rotation":0,"texture":"#0"},"west":{"uv":[5.0,6.3125,4.625,7.3125],"tintindex":0,"rotation":0,"texture":"#0"},"up":{"uv":[12.9375,3.3125,11.9375,2.9375],"tintindex":0,"rotation":0,"texture":"#0"},"down":{"uv":[12.9375,2.9375,11.9375,3.3125],"tintindex":0,"rotation":0,"texture":"#0"}}},{"from":[6.5505433,-2.8704605,-0.9577179],"to":[9.550543,-0.3704605,1.5422816],"faces":{"east":{"uv":[7.625,12.5625,7.3125,12.9375],"tintindex":0,"rotation":90,"texture":"#0"},"south":{"uv":[7.625,12.5625,7.3125,12.9375],"tintindex":0,"rotation":90,"texture":"#0"},"north":{"uv":[7.625,12.5625,7.3125,12.9375],"tintindex":0,"rotation":90,"texture":"#0"},"west":{"uv":[7.625,12.5625,7.3125,12.9375],"tintindex":0,"rotation":90,"texture":"#0"},"up":{"uv":[7.625,12.5625,7.3125,12.9375],"tintindex":0,"rotation":90,"texture":"#0"},"down":{"uv":[7.625,12.5625,7.3125,12.9375],"tintindex":0,"rotation":90,"texture":"#0"}},"rotation":{"origin":[7.988044,8.412647,5.183454],"angle":22.5,"axis":"x"}},{"from":[8.988043,15.662647,1.6651769],"to":[9.038044,21.662647,4.165177],"faces":{"east":{"uv":[7.25,5.625,6.5,5.9375],"tintindex":0,"rotation":270,"texture":"#0"},"south":{"uv":[16.0,0.25,15.875,0.0],"tintindex":0,"rotation":270,"texture":"#0"},"west":{"uv":[7.25,5.9375,6.5,5.625],"tintindex":0,"rotation":270,"texture":"#0"}}},{"from":[4.550544,17.233814,-0.64906025],"to":[11.550544,18.733814,0.8509402],"faces":{"east":{"uv":[9.1875,7.75,9.0,7.9375],"tintindex":0,"rotation":270,"texture":"#0"},"south":{"uv":[4.3125,9.125,4.5,10.0],"tintindex":0,"rotation":270,"texture":"#0"},"north":{"uv":[4.3125,9.125,4.5,10.0],"tintindex":0,"rotation":90,"texture":"#0"},"west":{"uv":[9.1875,7.9375,9.0,7.75],"tintindex":0,"rotation":270,"texture":"#0"},"up":{"uv":[4.3125,9.125,4.5,10.0],"tintindex":0,"rotation":270,"texture":"#0"},"down":{"uv":[10.75,13.1875,10.9375,14.0625],"tintindex":0,"rotation":270,"texture":"#0"}},"rotation":{"origin":[7.988044,8.412647,5.183454],"angle":-22.5,"axis":"x"}},{"from":[5.1096106,8.574776,5.912852],"to":[5.1596107,22.074776,30.412851],"faces":{"east":{"uv":[16.0,5.375,14.3125,2.3125],"tintindex":0,"rotation":90,"texture":"#0"},"west":{"uv":[16.0,2.3125,14.3125,5.375],"tintindex":0,"rotation":90,"texture":"#0"}},"rotation":{"origin":[7.988044,8.412647,5.183454],"angle":-22.5,"axis":"y"}},{"from":[0.95268774,6.3772917,0.66517687],"to":[14.952688,10.377293,4.665177],"faces":{"east":{"uv":[12.875,5.0625,13.375,5.5625],"tintindex":0,"rotation":0,"texture":"#0"},"south":{"uv":[10.375,9.625,8.625,9.125],"tintindex":0,"rotation":0,"texture":"#0"},"north":{"uv":[8.625,9.125,10.375,9.625],"tintindex":0,"rotation":0,"texture":"#0"},"west":{"uv":[12.875,6.3125,13.375,6.8125],"tintindex":0,"rotation":0,"texture":"#0"},"up":{"uv":[10.9375,8.75,9.1875,8.25],"tintindex":0,"rotation":0,"texture":"#0"},"down":{"uv":[10.9375,8.75,9.1875,8.25],"tintindex":0,"rotation":0,"texture":"#0"}},"rotation":{"origin":[7.988044,8.412647,5.183454],"angle":45.0,"axis":"z"}},{"from":[8.000544,16.264175,-4.6586304],"to":[8.050543,25.764175,2.84137],"faces":{"east":{"uv":[6.5,4.75,5.3125,5.6875],"tintindex":0,"rotation":270,"texture":"#0"},"south":{"uv":[16.0,0.0,15.875,0.25],"tintindex":0,"rotation":270,"texture":"#0"},"west":{"uv":[6.5,5.6875,5.3125,4.75],"tintindex":0,"rotation":270,"texture":"#0"}},"rotation":{"origin":[7.988044,8.412647,5.183454],"angle":-22.5,"axis":"x"}},{"from":[8.000544,-9.400822,-4.467289],"to":[8.050543,0.09917927,3.032712],"faces":{"east":{"uv":[5.3125,4.75,6.5,5.6875],"tintindex":0,"rotation":270,"texture":"#0"},"south":{"uv":[15.875,0.0,16.0,0.25],"tintindex":0,"rotation":270,"texture":"#0"},"west":{"uv":[5.3125,5.6875,6.5,4.75],"tintindex":0,"rotation":270,"texture":"#0"}},"rotation":{"origin":[7.988044,8.412647,5.183454],"angle":22.5,"axis":"x"}},{"from":[5.988044,13.162647,0.66517687],"to":[9.988043,15.662647,4.665177],"faces":{"east":{"uv":[12.375,13.625,12.0625,14.125],"tintindex":0,"rotation":270,"texture":"#0"},"south":{"uv":[11.75,13.625,12.0625,14.125],"tintindex":0,"rotation":270,"texture":"#0"},"north":{"uv":[13.625,11.5,13.9375,12.0],"tintindex":0,"rotation":90,"texture":"#0"},"west":{"uv":[13.9375,12.5,13.625,12.0],"tintindex":0,"rotation":270,"texture":"#0"},"up":{"uv":[13.875,12.9375,14.375,13.4375],"tintindex":0,"rotation":270,"texture":"#0"},"down":{"uv":[7.8125,12.8125,8.3125,13.3125],"tintindex":0,"rotation":270,"texture":"#0"}}},{"from":[5.705201,18.129805,0.66517687],"to":[9.7052,20.629805,4.665177],"faces":{"east":{"uv":[12.375,13.625,12.0625,14.125],"tintindex":0,"rotation":270,"texture":"#0"},"south":{"uv":[11.75,13.625,12.0625,14.125],"tintindex":0,"rotation":270,"texture":"#0"},"north":{"uv":[13.625,11.5,13.9375,12.0],"tintindex":0,"rotation":90,"texture":"#0"},"west":{"uv":[13.9375,12.5,13.625,12.0],"tintindex":0,"rotation":270,"texture":"#0"},"up":{"uv":[12.625,12.75,13.125,13.25],"tintindex":0,"rotation":270,"texture":"#0"},"down":{"uv":[12.625,12.75,13.125,13.25],"tintindex":0,"rotation":270,"texture":"#0"}},"rotation":{"origin":[7.988044,8.412647,5.183454],"angle":45.0,"axis":"z"}},{"from":[12.988043,6.1626472,0.66517687],"to":[15.488043,10.162647,4.665177],"faces":{"east":{"uv":[13.875,12.9375,14.375,13.4375],"tintindex":0,"rotation":0,"texture":"#0"},"south":{"uv":[11.75,13.625,12.0625,14.125],"tintindex":0,"rotation":0,"texture":"#0"},"north":{"uv":[13.625,11.5,13.9375,12.0],"tintindex":0,"rotation":0,"texture":"#0"},"west":{"uv":[7.8125,12.8125,8.3125,13.3125],"tintindex":0,"rotation":0,"texture":"#0"},"up":{"uv":[13.9375,12.5,13.625,12.0],"tintindex":0,"rotation":0,"texture":"#0"},"down":{"uv":[12.375,13.625,12.0625,14.125],"tintindex":0,"rotation":0,"texture":"#0"}}},{"from":[5.705201,1.1298046,0.66517687],"to":[9.7052,15.129805,4.665177],"faces":{"east":{"uv":[10.9375,8.75,9.1875,8.25],"tintindex":0,"rotation":270,"texture":"#0"},"south":{"uv":[10.375,9.625,8.625,9.125],"tintindex":0,"rotation":270,"texture":"#0"},"north":{"uv":[8.625,9.125,10.375,9.625],"tintindex":0,"rotation":90,"texture":"#0"},"west":{"uv":[10.9375,8.75,9.1875,8.25],"tintindex":0,"rotation":270,"texture":"#0"},"up":{"uv":[12.875,5.0625,13.375,5.5625],"tintindex":0,"rotation":270,"texture":"#0"},"down":{"uv":[12.875,6.3125,13.375,6.8125],"tintindex":0,"rotation":270,"texture":"#0"}},"rotation":{"origin":[7.988044,8.412647,5.183454],"angle":45.0,"axis":"z"}},{"from":[-5.511956,7.112647,1.6651769],"to":[0.4880433,7.1626472,4.165177],"faces":{"south":{"uv":[15.875,0.25,16.0,0.0],"tintindex":0,"rotation":0,"texture":"#0"},"up":{"uv":[6.5,5.9375,7.25,5.625],"tintindex":0,"rotation":0,"texture":"#0"},"down":{"uv":[6.5,5.625,7.25,5.9375],"tintindex":0,"rotation":0,"texture":"#0"}}},{"from":[6.9880433,15.662647,1.1651769],"to":[7.0380435,21.662647,3.6651769],"faces":{"east":{"uv":[7.25,5.9375,6.5,5.625],"tintindex":0,"rotation":270,"texture":"#0"},"south":{"uv":[16.0,0.25,15.875,0.0],"tintindex":0,"rotation":270,"texture":"#0"},"west":{"uv":[7.25,5.625,6.5,5.9375],"tintindex":0,"rotation":270,"texture":"#0"}}},{"from":[-6.4334736,5.1626472,1.3069272],"to":[-0.4334736,5.2126474,3.8069272],"faces":{"south":{"uv":[15.875,0.0,16.0,0.25],"tintindex":0,"rotation":0,"texture":"#0"},"up":{"uv":[6.5,5.625,7.25,5.3125],"tintindex":0,"rotation":0,"texture":"#0"},"down":{"uv":[6.5,5.3125,7.25,5.625],"tintindex":0,"rotation":0,"texture":"#0"}},"rotation":{"origin":[7.988044,8.412647,5.183454],"angle":-45.0,"axis":"y"}},{"from":[5.988044,0.66264725,0.66517687],"to":[9.988043,3.1626472,4.665177],"faces":{"east":{"uv":[12.0625,13.625,12.375,14.125],"tintindex":0,"rotation":270,"texture":"#0"},"south":{"uv":[12.0625,13.625,11.75,14.125],"tintindex":0,"rotation":270,"texture":"#0"},"north":{"uv":[13.9375,11.5,13.625,12.0],"tintindex":0,"rotation":90,"texture":"#0"},"west":{"uv":[13.625,12.5,13.9375,12.0],"tintindex":0,"rotation":270,"texture":"#0"},"up":{"uv":[8.3125,12.8125,7.8125,13.3125],"tintindex":0,"rotation":270,"texture":"#0"},"down":{"uv":[14.375,12.9375,13.875,13.4375],"tintindex":0,"rotation":270,"texture":"#0"}}},{"from":[8.988043,-5.3373528,1.6651769],"to":[9.038044,0.66264725,4.165177],"faces":{"east":{"uv":[6.5,5.625,7.25,5.9375],"tintindex":0,"rotation":270,"texture":"#0"},"south":{"uv":[15.875,0.25,16.0,0.0],"tintindex":0,"rotation":270,"texture":"#0"},"west":{"uv":[6.5,5.9375,7.25,5.625],"tintindex":0,"rotation":270,"texture":"#0"}}},{"from":[6.5505433,16.733814,-1.1490602],"to":[9.550543,19.233814,1.3509402],"faces":{"east":{"uv":[7.3125,12.5625,7.625,12.9375],"tintindex":0,"rotation":90,"texture":"#0"},"south":{"uv":[7.3125,12.5625,7.625,12.9375],"tintindex":0,"rotation":90,"texture":"#0"},"north":{"uv":[7.3125,12.5625,7.625,12.9375],"tintindex":0,"rotation":90,"texture":"#0"},"west":{"uv":[7.3125,12.5625,7.625,12.9375],"tintindex":0,"rotation":90,"texture":"#0"},"up":{"uv":[7.3125,12.5625,7.625,12.9375],"tintindex":0,"rotation":90,"texture":"#0"},"down":{"uv":[7.3125,12.5625,7.625,12.9375],"tintindex":0,"rotation":90,"texture":"#0"}},"rotation":{"origin":[7.988044,8.412647,5.183454],"angle":-22.5,"axis":"x"}},{"from":[15.488043,9.112648,1.1651769],"to":[21.488045,9.162647,3.6651769],"faces":{"south":{"uv":[16.0,0.25,15.875,0.0],"tintindex":0,"rotation":0,"texture":"#0"},"up":{"uv":[7.25,5.625,6.5,5.9375],"tintindex":0,"rotation":0,"texture":"#0"},"down":{"uv":[7.25,5.9375,6.5,5.625],"tintindex":0,"rotation":0,"texture":"#0"}}},{"from":[0.4880433,6.1626472,0.66517687],"to":[2.9880433,10.162647,4.665177],"faces":{"east":{"uv":[8.3125,12.8125,7.8125,13.3125],"tintindex":0,"rotation":0,"texture":"#0"},"south":{"uv":[12.0625,13.625,11.75,14.125],"tintindex":0,"rotation":0,"texture":"#0"},"north":{"uv":[13.9375,11.5,13.625,12.0],"tintindex":0,"rotation":0,"texture":"#0"},"west":{"uv":[13.875,12.9375,14.375,13.4375],"tintindex":0,"rotation":0,"texture":"#0"},"up":{"uv":[13.625,12.5,13.9375,12.0],"tintindex":0,"rotation":0,"texture":"#0"},"down":{"uv":[12.0625,13.625,12.375,14.125],"tintindex":0,"rotation":0,"texture":"#0"}}},{"from":[6.2052007,-1.8701954,1.1651769],"to":[9.2052,2.6298046,4.165177],"faces":{"east":{"uv":[4.875,8.3125,4.3125,8.6875],"tintindex":0,"rotation":90,"texture":"#0"},"south":{"uv":[4.875,8.3125,4.3125,8.6875],"tintindex":0,"rotation":90,"texture":"#0"},"north":{"uv":[4.875,8.3125,4.3125,8.6875],"tintindex":0,"rotation":90,"texture":"#0"},"west":{"uv":[4.875,8.3125,4.3125,8.6875],"tintindex":0,"rotation":90,"texture":"#0"},"up":{"uv":[4.875,8.3125,4.3125,8.6875],"tintindex":0,"rotation":90,"texture":"#0"},"down":{"uv":[4.875,8.3125,4.3125,8.6875],"tintindex":0,"rotation":90,"texture":"#0"}},"rotation":{"origin":[7.988044,8.412647,5.183454],"angle":45.0,"axis":"z"}},{"from":[16.409561,11.112648,1.3069272],"to":[22.409561,11.162647,3.8069272],"faces":{"south":{"uv":[16.0,0.25,15.875,0.0],"tintindex":0,"rotation":0,"texture":"#0"},"up":{"uv":[7.25,5.625,6.5,5.3125],"tintindex":0,"rotation":0,"texture":"#0"},"down":{"uv":[7.25,5.3125,6.5,5.625],"tintindex":0,"rotation":0,"texture":"#0"}},"rotation":{"origin":[7.988044,8.412647,5.183454],"angle":45.0,"axis":"y"}},{"from":[10.816477,8.574776,5.912852],"to":[10.866477,22.074776,30.412851],"faces":{"east":{"uv":[16.0,5.375,14.3125,2.3125],"tintindex":0,"rotation":90,"texture":"#0"},"west":{"uv":[16.0,2.3125,14.3125,5.375],"tintindex":0,"rotation":90,"texture":"#0"}},"rotation":{"origin":[7.988044,8.412647,5.183454],"angle":22.5,"axis":"y"}},{"from":[7.7612667,-1.4209843,-8.834824],"to":[7.811267,6.0790167,0.66517687],"faces":{"east":{"uv":[6.5,5.6875,5.3125,4.75],"tintindex":0,"rotation":0,"texture":"#0"},"west":{"uv":[6.5,4.75,5.3125,5.6875],"tintindex":0,"rotation":180,"texture":"#0"},"down":{"uv":[16.0,0.0,15.875,0.25],"tintindex":0,"rotation":90,"texture":"#0"}},"rotation":{"origin":[7.988044,8.412647,5.183454],"angle":45.0,"axis":"z"}},{"from":[16.409561,5.1626472,1.3069272],"to":[22.409561,5.2126474,3.8069272],"faces":{"south":{"uv":[16.0,0.0,15.875,0.25],"tintindex":0,"rotation":0,"texture":"#0"},"up":{"uv":[7.25,5.625,6.5,5.3125],"tintindex":0,"rotation":0,"texture":"#0"},"down":{"uv":[7.25,5.3125,6.5,5.625],"tintindex":0,"rotation":0,"texture":"#0"}},"rotation":{"origin":[7.988044,8.412647,5.183454],"angle":45.0,"axis":"y"}},{"from":[6.2052007,13.629805,1.1651769],"to":[9.2052,18.129805,4.165177],"faces":{"east":{"uv":[4.3125,8.3125,4.875,8.6875],"tintindex":0,"rotation":90,"texture":"#0"},"south":{"uv":[4.3125,8.3125,4.875,8.6875],"tintindex":0,"rotation":90,"texture":"#0"},"north":{"uv":[4.3125,8.3125,4.875,8.6875],"tintindex":0,"rotation":90,"texture":"#0"},"west":{"uv":[4.3125,8.3125,4.875,8.6875],"tintindex":0,"rotation":90,"texture":"#0"},"up":{"uv":[4.3125,8.3125,4.875,8.6875],"tintindex":0,"rotation":90,"texture":"#0"},"down":{"uv":[4.3125,8.3125,4.875,8.6875],"tintindex":0,"rotation":90,"texture":"#0"}},"rotation":{"origin":[7.988044,8.412647,5.183454],"angle":45.0,"axis":"z"}},{"from":[-4.547312,6.3772917,0.66517687],"to":[-2.0473118,10.377293,4.665177],"faces":{"east":{"uv":[13.125,12.75,12.625,13.25],"tintindex":0,"rotation":0,"texture":"#0"},"south":{"uv":[12.0625,13.625,11.75,14.125],"tintindex":0,"rotation":0,"texture":"#0"},"north":{"uv":[13.9375,11.5,13.625,12.0],"tintindex":0,"rotation":0,"texture":"#0"},"west":{"uv":[13.125,12.75,12.625,13.25],"tintindex":0,"rotation":0,"texture":"#0"},"up":{"uv":[13.625,12.5,13.9375,12.0],"tintindex":0,"rotation":0,"texture":"#0"},"down":{"uv":[12.0625,13.625,12.375,14.125],"tintindex":0,"rotation":0,"texture":"#0"}},"rotation":{"origin":[7.988044,8.412647,5.183454],"angle":45.0,"axis":"z"}},{"from":[6.9880433,-5.3373528,1.1651769],"to":[7.0380435,0.66264725,3.6651769],"faces":{"east":{"uv":[6.5,5.9375,7.25,5.625],"tintindex":0,"rotation":270,"texture":"#0"},"south":{"uv":[15.875,0.25,16.0,0.0],"tintindex":0,"rotation":270,"texture":"#0"},"west":{"uv":[6.5,5.625,7.25,5.9375],"tintindex":0,"rotation":270,"texture":"#0"}}},{"from":[8.329071,8.081976,-10.334824],"to":[8.37907,15.581976,-0.8348236],"faces":{"east":{"uv":[5.3125,5.6875,6.5,4.75],"tintindex":0,"rotation":180,"texture":"#0"},"west":{"uv":[5.3125,4.75,6.5,5.6875],"tintindex":0,"rotation":0,"texture":"#0"},"up":{"uv":[15.875,0.25,16.0,0.0],"tintindex":0,"rotation":90,"texture":"#0"}},"rotation":{"origin":[8.354071,11.831976,-5.5848236],"angle":22.5,"axis":"x"}},{"from":[4.550544,-2.3704605,-0.4577179],"to":[11.550544,-0.8704605,1.0422816],"faces":{"east":{"uv":[9.0,7.75,9.1875,7.9375],"tintindex":0,"rotation":270,"texture":"#0"},"south":{"uv":[4.5,9.125,4.3125,10.0],"tintindex":0,"rotation":270,"texture":"#0"},"north":{"uv":[4.5,9.125,4.3125,10.0],"tintindex":0,"rotation":90,"texture":"#0"},"west":{"uv":[9.0,7.9375,9.1875,7.75],"tintindex":0,"rotation":270,"texture":"#0"},"up":{"uv":[10.9375,13.1875,10.75,14.0625],"tintindex":0,"rotation":270,"texture":"#0"},"down":{"uv":[4.5,9.125,4.3125,10.0],"tintindex":0,"rotation":270,"texture":"#0"}},"rotation":{"origin":[7.988044,8.412647,5.183454],"angle":22.5,"axis":"x"}},{"from":[7.963043,-4.290798,7.054951],"to":[8.013043,9.209202,31.55495],"faces":{"east":{"uv":[14.3125,5.375,16.0,2.3125],"tintindex":0,"rotation":90,"texture":"#0"},"west":{"uv":[14.3125,2.3125,16.0,5.375],"tintindex":0,"rotation":90,"texture":"#0"}},"rotation":{"origin":[7.988044,8.412647,5.183454],"angle":22.5,"axis":"x"}},{"from":[2.4880433,2.6626472,-2.8348236],"to":[13.488043,13.662647,8.165176],"faces":{"east":{"uv":[5.0,1.75,6.375,3.125],"tintindex":0,"rotation":0,"texture":"#0"},"south":{"uv":[0.0,4.5,1.375,5.875],"tintindex":0,"rotation":0,"texture":"#0"},"north":{"uv":[0.0,4.5,1.375,5.875],"tintindex":0,"rotation":0,"texture":"#0"},"west":{"uv":[6.375,1.75,5.0,3.125],"tintindex":0,"rotation":0,"texture":"#0"},"up":{"uv":[2.75,6.5625,1.375,5.1875],"tintindex":0,"rotation":0,"texture":"#0"},"down":{"uv":[2.75,5.1875,1.375,6.5625],"tintindex":0,"rotation":0,"texture":"#0"}}},{"from":[17.952688,6.3772917,0.66517687],"to":[20.452688,10.377293,4.665177],"faces":{"east":{"uv":[12.625,12.75,13.125,13.25],"tintindex":0,"rotation":0,"texture":"#0"},"south":{"uv":[11.75,13.625,12.0625,14.125],"tintindex":0,"rotation":0,"texture":"#0"},"north":{"uv":[13.625,11.5,13.9375,12.0],"tintindex":0,"rotation":0,"texture":"#0"},"west":{"uv":[12.625,12.75,13.125,13.25],"tintindex":0,"rotation":0,"texture":"#0"},"up":{"uv":[13.9375,12.5,13.625,12.0],"tintindex":0,"rotation":0,"texture":"#0"},"down":{"uv":[12.375,13.625,12.0625,14.125],"tintindex":0,"rotation":0,"texture":"#0"}},"rotation":{"origin":[7.988044,8.412647,5.183454],"angle":45.0,"axis":"z"}},{"from":[7.963043,7.6160927,7.054951],"to":[8.013043,21.116093,31.55495],"faces":{"east":{"uv":[16.0,5.375,14.3125,2.3125],"tintindex":0,"rotation":90,"texture":"#0"},"west":{"uv":[16.0,2.3125,14.3125,5.375],"tintindex":0,"rotation":90,"texture":"#0"}},"rotation":{"origin":[7.988044,8.412647,5.183454],"angle":-22.5,"axis":"x"}},{"from":[7.050544,12.764175,-1.6586304],"to":[9.050543,19.764175,1.8413701],"faces":{"east":{"uv":[12.5625,7.0625,11.6875,7.5],"tintindex":0,"rotation":270,"texture":"#0"},"south":{"uv":[6.75,12.9375,5.875,13.1875],"tintindex":0,"rotation":270,"texture":"#0"},"north":{"uv":[5.875,12.9375,6.75,13.1875],"tintindex":0,"rotation":90,"texture":"#0"},"west":{"uv":[12.5625,7.5,11.6875,7.0625],"tintindex":0,"rotation":270,"texture":"#0"},"up":{"uv":[6.0,7.25,6.4375,7.5],"tintindex":0,"rotation":270,"texture":"#0"},"down":{"uv":[6.0,7.25,6.4375,7.5],"tintindex":0,"rotation":270,"texture":"#0"}},"rotation":{"origin":[7.988044,8.412647,5.183454],"angle":-22.5,"axis":"x"}}],"display":{"head":{"rotation":[0.0,0.0,0.0]},"firstperson_righthand":{"rotation":[0.0,0.0,0.0]},"thirdperson_lefthand":{"rotation":[0.0,-0.0,-0.0]},"firstperson_lefthand":{"rotation":[0.0,-0.0,-0.0]},"fixed":{"rotation":[0.0,0.0,0.0]},"ground":{"rotation":[0.0,0.0,0.0]},"thirdperson_righthand":{"rotation":[0.0,0.0,0.0]},"gui":{"rotation":[-150.0,-45.0,180.0]}}}