{"textures":{"0":"modelengine:entity/aloc_main","particle":"#0"},"elements":[{"from":[13.985934,14.666667,-11.62146],"to":[16.652601,16.333334,-8.954794],"faces":{"east":{"uv":[12.375,13.625,12.0625,14.125],"tintindex":0,"rotation":270,"texture":"#0"},"south":{"uv":[11.75,13.625,12.0625,14.125],"tintindex":0,"rotation":270,"texture":"#0"},"north":{"uv":[13.625,11.5,13.9375,12.0],"tintindex":0,"rotation":90,"texture":"#0"},"west":{"uv":[13.9375,12.5,13.625,12.0],"tintindex":0,"rotation":270,"texture":"#0"},"up":{"uv":[12.625,12.75,13.125,13.25],"tintindex":0,"rotation":270,"texture":"#0"},"down":{"uv":[12.625,12.75,13.125,13.25],"tintindex":0,"rotation":270,"texture":"#0"}},"rotation":{"origin":[8.989666,7.8333335,-2.5589247],"angle":45.0,"axis":"y"}},{"from":[6.345998,14.323207,1.1666665],"to":[10.345999,17.65654,1.2000017],"faces":{"south":{"uv":[7.25,6.0,6.5,6.625],"tintindex":0,"rotation":0,"texture":"#0"},"north":{"uv":[7.25,6.625,6.5,6.0],"tintindex":0,"rotation":180,"texture":"#0"},"up":{"uv":[16.0,0.25,15.875,0.0],"tintindex":0,"rotation":0,"texture":"#0"}}},{"from":[6.333333,12.0,-14.5],"to":[9.666667,14.0,-7.833334],"faces":{"east":{"uv":[1.3125,7.25,0.9375,8.5],"tintindex":0,"rotation":270,"texture":"#0"},"south":{"uv":[4.3125,8.3125,3.9375,8.9375],"tintindex":0,"rotation":270,"texture":"#0"},"north":{"uv":[3.9375,8.3125,4.3125,8.9375],"tintindex":0,"rotation":90,"texture":"#0"},"west":{"uv":[1.3125,8.5,0.9375,7.25],"tintindex":0,"rotation":270,"texture":"#0"},"up":{"uv":[8.625,9.625,9.875,10.25],"tintindex":0,"rotation":270,"texture":"#0"},"down":{"uv":[9.875,9.625,8.625,10.25],"tintindex":0,"rotation":270,"texture":"#0"}}},{"from":[7.9793315,-1.9898739,2.5],"to":[11.979332,1.3434601,2.5333352],"faces":{"south":{"uv":[7.25,6.625,6.5,6.0],"tintindex":0,"rotation":0,"texture":"#0"},"north":{"uv":[7.25,6.0,6.5,6.625],"tintindex":0,"rotation":180,"texture":"#0"},"down":{"uv":[16.0,0.0,15.875,0.25],"tintindex":0,"rotation":0,"texture":"#0"}}},{"from":[5.6666665,1.333333,-7.833334],"to":[10.333334,4.333333,3.833333],"faces":{"east":{"uv":[4.625,7.5,6.8125,8.0625],"tintindex":0,"rotation":0,"texture":"#0"},"south":{"uv":[2.25,4.5,1.375,5.0625],"tintindex":0,"rotation":0,"texture":"#0"},"north":{"uv":[1.375,4.5,2.25,5.0625],"tintindex":0,"rotation":0,"texture":"#0"},"west":{"uv":[6.8125,7.5,4.625,8.0625],"tintindex":0,"rotation":0,"texture":"#0"},"up":{"uv":[4.25,6.3125,3.375,4.125],"tintindex":0,"rotation":0,"texture":"#0"},"down":{"uv":[4.25,4.125,3.375,6.3125],"tintindex":0,"rotation":0,"texture":"#0"}}},{"from":[-1.0492983,5.333333,-11.4121],"to":[3.6173687,10.666667,-6.745433],"faces":{"east":{"uv":[7.75,9.125,8.625,10.125],"tintindex":0,"rotation":0,"texture":"#0"},"south":{"uv":[7.75,9.125,8.625,10.125],"tintindex":0,"rotation":0,"texture":"#0"},"north":{"uv":[7.75,9.125,8.625,10.125],"tintindex":0,"rotation":0,"texture":"#0"},"west":{"uv":[7.75,9.125,8.625,10.125],"tintindex":0,"rotation":0,"texture":"#0"},"up":{"uv":[9.125,11.125,8.25,10.25],"tintindex":0,"rotation":0,"texture":"#0"},"down":{"uv":[9.125,10.25,8.25,11.125],"tintindex":0,"rotation":0,"texture":"#0"}},"rotation":{"origin":[8.989666,7.8333335,-2.5589247],"angle":-45.0,"axis":"y"}},{"from":[5.6666665,11.333334,-7.833334],"to":[10.333334,14.333334,3.833333],"faces":{"east":{"uv":[4.625,7.5,6.8125,8.0625],"tintindex":0,"rotation":0,"texture":"#0"},"south":{"uv":[2.25,4.5,1.375,5.0625],"tintindex":0,"rotation":0,"texture":"#0"},"north":{"uv":[1.375,4.5,2.25,5.0625],"tintindex":0,"rotation":0,"texture":"#0"},"west":{"uv":[6.8125,7.5,4.625,8.0625],"tintindex":0,"rotation":0,"texture":"#0"},"up":{"uv":[4.25,6.3125,3.375,4.125],"tintindex":0,"rotation":0,"texture":"#0"},"down":{"uv":[4.25,4.125,3.375,6.3125],"tintindex":0,"rotation":0,"texture":"#0"}}},{"from":[6.333333,12.0,3.833333],"to":[9.666667,14.0,10.5],"faces":{"east":{"uv":[1.3125,8.5,0.9375,7.25],"tintindex":0,"rotation":270,"texture":"#0"},"south":{"uv":[3.9375,8.9375,4.3125,8.3125],"tintindex":0,"rotation":90,"texture":"#0"},"north":{"uv":[4.3125,8.9375,3.9375,8.3125],"tintindex":0,"rotation":270,"texture":"#0"},"west":{"uv":[1.3125,7.25,0.9375,8.5],"tintindex":0,"rotation":270,"texture":"#0"},"up":{"uv":[9.875,9.625,8.625,10.25],"tintindex":0,"rotation":270,"texture":"#0"},"down":{"uv":[8.625,9.625,9.875,10.25],"tintindex":0,"rotation":270,"texture":"#0"}}},{"from":[6.345998,14.323207,-6.5],"to":[10.345999,17.65654,-6.4666653],"faces":{"south":{"uv":[7.25,6.0,6.5,6.625],"tintindex":0,"rotation":0,"texture":"#0"},"north":{"uv":[7.25,6.625,6.5,6.0],"tintindex":0,"rotation":180,"texture":"#0"},"up":{"uv":[16.0,0.25,15.875,0.0],"tintindex":0,"rotation":0,"texture":"#0"}}},{"from":[6.345998,-1.9898739,1.1666665],"to":[10.345999,1.3434601,1.2000017],"faces":{"south":{"uv":[7.25,6.625,6.5,6.0],"tintindex":0,"rotation":0,"texture":"#0"},"north":{"uv":[7.25,6.0,6.5,6.625],"tintindex":0,"rotation":180,"texture":"#0"},"down":{"uv":[16.0,0.0,15.875,0.25],"tintindex":0,"rotation":0,"texture":"#0"}}},{"from":[13.187119,5.333333,2.6357574],"to":[17.853786,10.666667,7.302424],"faces":{"east":{"uv":[7.75,9.125,8.625,10.125],"tintindex":0,"rotation":0,"texture":"#0"},"south":{"uv":[7.75,9.125,8.625,10.125],"tintindex":0,"rotation":0,"texture":"#0"},"north":{"uv":[7.75,9.125,8.625,10.125],"tintindex":0,"rotation":0,"texture":"#0"},"west":{"uv":[7.75,9.125,8.625,10.125],"tintindex":0,"rotation":0,"texture":"#0"},"up":{"uv":[9.125,11.125,8.25,10.25],"tintindex":0,"rotation":0,"texture":"#0"},"down":{"uv":[9.125,10.25,8.25,11.125],"tintindex":0,"rotation":0,"texture":"#0"}},"rotation":{"origin":[8.989666,7.8333335,-2.5589247],"angle":-45.0,"axis":"y"}},{"from":[6.6666665,4.333333,-13.833334],"to":[9.333333,11.666667,-11.166668],"faces":{"east":{"uv":[11.9375,2.9375,10.5625,3.4375],"tintindex":0,"rotation":270,"texture":"#0"},"south":{"uv":[10.5625,2.9375,11.9375,3.4375],"tintindex":0,"rotation":270,"texture":"#0"},"north":{"uv":[10.5625,2.9375,11.9375,3.4375],"tintindex":0,"rotation":90,"texture":"#0"},"west":{"uv":[11.9375,3.4375,10.5625,2.9375],"tintindex":0,"rotation":270,"texture":"#0"},"up":{"uv":[7.3125,12.5625,7.8125,13.0625],"tintindex":0,"rotation":270,"texture":"#0"},"down":{"uv":[12.5625,10.4375,13.0625,10.9375],"tintindex":0,"rotation":270,"texture":"#0"}}},{"from":[-0.15620232,-0.33333397,2.5206757],"to":[2.5104647,1.333333,5.187342],"faces":{"east":{"uv":[12.0625,13.625,12.375,14.125],"tintindex":0,"rotation":270,"texture":"#0"},"south":{"uv":[12.0625,13.625,11.75,14.125],"tintindex":0,"rotation":270,"texture":"#0"},"north":{"uv":[13.9375,11.5,13.625,12.0],"tintindex":0,"rotation":90,"texture":"#0"},"west":{"uv":[13.625,12.5,13.9375,12.0],"tintindex":0,"rotation":270,"texture":"#0"},"up":{"uv":[13.125,12.75,12.625,13.25],"tintindex":0,"rotation":270,"texture":"#0"},"down":{"uv":[13.125,12.75,12.625,13.25],"tintindex":0,"rotation":270,"texture":"#0"}},"rotation":{"origin":[8.989666,7.8333335,-2.5589247],"angle":45.0,"axis":"y"}},{"from":[7.0,11.666667,6.5],"to":[9.0,14.666667,8.5],"faces":{"east":{"uv":[13.5,8.4375,12.9375,8.0625],"tintindex":0,"rotation":270,"texture":"#0"},"south":{"uv":[13.5,8.0625,12.9375,8.4375],"tintindex":0,"rotation":270,"texture":"#0"},"north":{"uv":[12.9375,8.0625,13.5,8.4375],"tintindex":0,"rotation":90,"texture":"#0"},"west":{"uv":[13.5,8.4375,12.9375,8.0625],"tintindex":0,"rotation":270,"texture":"#0"},"up":{"uv":[13.6875,4.125,14.0625,4.5],"tintindex":0,"rotation":270,"texture":"#0"},"down":{"uv":[13.6875,8.8125,14.0625,9.1875],"tintindex":0,"rotation":270,"texture":"#0"}}},{"from":[7.9793315,-1.9898739,-5.166667],"to":[11.979332,1.3434601,-5.1333313],"faces":{"south":{"uv":[7.25,6.625,6.5,6.0],"tintindex":0,"rotation":0,"texture":"#0"},"north":{"uv":[7.25,6.0,6.5,6.625],"tintindex":0,"rotation":180,"texture":"#0"},"down":{"uv":[16.0,0.0,15.875,0.25],"tintindex":0,"rotation":0,"texture":"#0"}}},{"from":[7.0,11.666667,-13.5],"to":[9.0,14.666667,-11.5],"faces":{"east":{"uv":[13.5,8.4375,12.9375,8.0625],"tintindex":0,"rotation":270,"texture":"#0"},"south":{"uv":[13.5,8.0625,12.9375,8.4375],"tintindex":0,"rotation":270,"texture":"#0"},"north":{"uv":[12.9375,8.0625,13.5,8.4375],"tintindex":0,"rotation":90,"texture":"#0"},"west":{"uv":[13.5,8.4375,12.9375,8.0625],"tintindex":0,"rotation":270,"texture":"#0"},"up":{"uv":[13.6875,4.125,14.0625,4.5],"tintindex":0,"rotation":270,"texture":"#0"},"down":{"uv":[13.6875,8.8125,14.0625,9.1875],"tintindex":0,"rotation":270,"texture":"#0"}}},{"from":[6.6666665,4.333333,6.1666665],"to":[9.333333,11.666667,8.833333],"faces":{"east":{"uv":[11.9375,2.9375,10.5625,3.4375],"tintindex":0,"rotation":270,"texture":"#0"},"south":{"uv":[10.5625,2.9375,11.9375,3.4375],"tintindex":0,"rotation":270,"texture":"#0"},"north":{"uv":[10.5625,2.9375,11.9375,3.4375],"tintindex":0,"rotation":90,"texture":"#0"},"west":{"uv":[11.9375,3.4375,10.5625,2.9375],"tintindex":0,"rotation":270,"texture":"#0"},"up":{"uv":[7.3125,12.5625,7.8125,13.0625],"tintindex":0,"rotation":270,"texture":"#0"},"down":{"uv":[12.5625,10.4375,13.0625,10.9375],"tintindex":0,"rotation":270,"texture":"#0"}}},{"from":[7.0,1.333333,6.5],"to":[9.0,4.333333,8.5],"faces":{"east":{"uv":[12.9375,8.4375,13.5,8.0625],"tintindex":0,"rotation":270,"texture":"#0"},"south":{"uv":[12.9375,8.0625,13.5,8.4375],"tintindex":0,"rotation":270,"texture":"#0"},"north":{"uv":[13.5,8.0625,12.9375,8.4375],"tintindex":0,"rotation":90,"texture":"#0"},"west":{"uv":[12.9375,8.4375,13.5,8.0625],"tintindex":0,"rotation":270,"texture":"#0"},"up":{"uv":[14.0625,8.8125,13.6875,9.1875],"tintindex":0,"rotation":270,"texture":"#0"},"down":{"uv":[14.0625,4.125,13.6875,4.5],"tintindex":0,"rotation":270,"texture":"#0"}}},{"from":[13.985934,-0.33333397,-11.62146],"to":[16.652601,1.333333,-8.954794],"faces":{"east":{"uv":[12.0625,13.625,12.375,14.125],"tintindex":0,"rotation":270,"texture":"#0"},"south":{"uv":[12.0625,13.625,11.75,14.125],"tintindex":0,"rotation":270,"texture":"#0"},"north":{"uv":[13.9375,11.5,13.625,12.0],"tintindex":0,"rotation":90,"texture":"#0"},"west":{"uv":[13.625,12.5,13.9375,12.0],"tintindex":0,"rotation":270,"texture":"#0"},"up":{"uv":[13.125,12.75,12.625,13.25],"tintindex":0,"rotation":270,"texture":"#0"},"down":{"uv":[13.125,12.75,12.625,13.25],"tintindex":0,"rotation":270,"texture":"#0"}},"rotation":{"origin":[8.989666,7.8333335,-2.5589247],"angle":45.0,"axis":"y"}},{"from":[-0.15620232,14.666667,2.5206757],"to":[2.5104647,16.333334,5.187342],"faces":{"east":{"uv":[12.375,13.625,12.0625,14.125],"tintindex":0,"rotation":270,"texture":"#0"},"south":{"uv":[11.75,13.625,12.0625,14.125],"tintindex":0,"rotation":270,"texture":"#0"},"north":{"uv":[13.625,11.5,13.9375,12.0],"tintindex":0,"rotation":90,"texture":"#0"},"west":{"uv":[13.9375,12.5,13.625,12.0],"tintindex":0,"rotation":270,"texture":"#0"},"up":{"uv":[12.625,12.75,13.125,13.25],"tintindex":0,"rotation":270,"texture":"#0"},"down":{"uv":[12.625,12.75,13.125,13.25],"tintindex":0,"rotation":270,"texture":"#0"}},"rotation":{"origin":[8.989666,7.8333335,-2.5589247],"angle":45.0,"axis":"y"}},{"from":[7.9793315,14.323207,2.5],"to":[11.979332,17.65654,2.5333352],"faces":{"south":{"uv":[7.25,6.0,6.5,6.625],"tintindex":0,"rotation":0,"texture":"#0"},"north":{"uv":[7.25,6.625,6.5,6.0],"tintindex":0,"rotation":180,"texture":"#0"},"up":{"uv":[16.0,0.25,15.875,0.0],"tintindex":0,"rotation":0,"texture":"#0"}}},{"from":[7.0,1.333333,-13.5],"to":[9.0,4.333333,-11.5],"faces":{"east":{"uv":[12.9375,8.4375,13.5,8.0625],"tintindex":0,"rotation":270,"texture":"#0"},"south":{"uv":[12.9375,8.0625,13.5,8.4375],"tintindex":0,"rotation":270,"texture":"#0"},"north":{"uv":[13.5,8.0625,12.9375,8.4375],"tintindex":0,"rotation":90,"texture":"#0"},"west":{"uv":[12.9375,8.4375,13.5,8.0625],"tintindex":0,"rotation":270,"texture":"#0"},"up":{"uv":[14.0625,8.8125,13.6875,9.1875],"tintindex":0,"rotation":270,"texture":"#0"},"down":{"uv":[14.0625,4.125,13.6875,4.5],"tintindex":0,"rotation":270,"texture":"#0"}}},{"from":[6.345998,-1.9898739,-6.5],"to":[10.345999,1.3434601,-6.4666653],"faces":{"south":{"uv":[7.25,6.625,6.5,6.0],"tintindex":0,"rotation":0,"texture":"#0"},"north":{"uv":[7.25,6.0,6.5,6.625],"tintindex":0,"rotation":180,"texture":"#0"},"down":{"uv":[16.0,0.0,15.875,0.25],"tintindex":0,"rotation":0,"texture":"#0"}}},{"from":[6.333333,2.0,3.833333],"to":[9.666667,4.0,10.5],"faces":{"east":{"uv":[1.3125,8.5,0.9375,7.25],"tintindex":0,"rotation":270,"texture":"#0"},"south":{"uv":[3.9375,8.9375,4.3125,8.3125],"tintindex":0,"rotation":90,"texture":"#0"},"north":{"uv":[4.3125,8.9375,3.9375,8.3125],"tintindex":0,"rotation":270,"texture":"#0"},"west":{"uv":[1.3125,7.25,0.9375,8.5],"tintindex":0,"rotation":270,"texture":"#0"},"up":{"uv":[9.875,9.625,8.625,10.25],"tintindex":0,"rotation":270,"texture":"#0"},"down":{"uv":[8.625,9.625,9.875,10.25],"tintindex":0,"rotation":270,"texture":"#0"}}},{"from":[6.333333,2.0,-14.5],"to":[9.666667,4.0,-7.833334],"faces":{"east":{"uv":[1.3125,7.25,0.9375,8.5],"tintindex":0,"rotation":270,"texture":"#0"},"south":{"uv":[4.3125,8.3125,3.9375,8.9375],"tintindex":0,"rotation":270,"texture":"#0"},"north":{"uv":[3.9375,8.3125,4.3125,8.9375],"tintindex":0,"rotation":90,"texture":"#0"},"west":{"uv":[1.3125,8.5,0.9375,7.25],"tintindex":0,"rotation":270,"texture":"#0"},"up":{"uv":[8.625,9.625,9.875,10.25],"tintindex":0,"rotation":270,"texture":"#0"},"down":{"uv":[9.875,9.625,8.625,10.25],"tintindex":0,"rotation":270,"texture":"#0"}}},{"from":[7.9793315,14.323207,-5.166667],"to":[11.979332,17.65654,-5.1333313],"faces":{"south":{"uv":[7.25,6.0,6.5,6.625],"tintindex":0,"rotation":0,"texture":"#0"},"north":{"uv":[7.25,6.625,6.5,6.0],"tintindex":0,"rotation":180,"texture":"#0"},"up":{"uv":[16.0,0.25,15.875,0.0],"tintindex":0,"rotation":0,"texture":"#0"}}}],"display":{"head":{"rotation":[0.0,0.0,0.0]},"firstperson_righthand":{"rotation":[0.0,0.0,0.0]},"thirdperson_lefthand":{"rotation":[0.0,-0.0,-0.0]},"firstperson_lefthand":{"rotation":[0.0,-0.0,-0.0]},"fixed":{"rotation":[0.0,0.0,0.0]},"ground":{"rotation":[0.0,0.0,0.0]},"thirdperson_righthand":{"rotation":[0.0,0.0,0.0]},"gui":{"rotation":[-150.0,-45.0,180.0]}}}